timestamp_unix,timestamp_iso,participant_full_id,accelerometers_std_g,missing_value_reason
1733270400000,2024-12-04T00:00:00Z,101-1-1-102024,0.001,
1733270460000,2024-12-04T00:01:00Z,101-1-1-102024,0.001,
1733270520000,2024-12-04T00:02:00Z,101-1-1-102024,0.001,
1733270580000,2024-12-04T00:03:00Z,101-1-1-102024,0.001,
1733270640000,2024-12-04T00:04:00Z,101-1-1-102024,0.004,
1733270700000,2024-12-04T00:05:00Z,101-1-1-102024,0.001,
1733270760000,2024-12-04T00:06:00Z,101-1-1-102024,0.001,
1733270820000,2024-12-04T00:07:00Z,101-1-1-102024,0.001,
1733270880000,2024-12-04T00:08:00Z,101-1-1-102024,0.001,
1733270940000,2024-12-04T00:09:00Z,101-1-1-102024,0.001,
1733271000000,2024-12-04T00:10:00Z,101-1-1-102024,0.001,
1733271060000,2024-12-04T00:11:00Z,101-1-1-102024,0.001,
1733271120000,2024-12-04T00:12:00Z,101-1-1-102024,0.001,
1733271180000,2024-12-04T00:13:00Z,101-1-1-102024,0.004,
1733271240000,2024-12-04T00:14:00Z,101-1-1-102024,0.001,
1733271300000,2024-12-04T00:15:00Z,101-1-1-102024,0.005,
1733271360000,2024-12-04T00:16:00Z,101-1-1-102024,0.003,
1733271420000,2024-12-04T00:17:00Z,101-1-1-102024,0.001,
1733271480000,2024-12-04T00:18:00Z,101-1-1-102024,0.001,
1733271540000,2024-12-04T00:19:00Z,101-1-1-102024,0.001,
1733271600000,2024-12-04T00:20:00Z,101-1-1-102024,0.001,
1733271660000,2024-12-04T00:21:00Z,101-1-1-102024,0.001,
1733271720000,2024-12-04T00:22:00Z,101-1-1-102024,0.001,
1733271780000,2024-12-04T00:23:00Z,101-1-1-102024,0.001,
1733271840000,2024-12-04T00:24:00Z,101-1-1-102024,0.005,
1733271900000,2024-12-04T00:25:00Z,101-1-1-102024,0.001,
1733271960000,2024-12-04T00:26:00Z,101-1-1-102024,0.001,
1733272020000,2024-12-04T00:27:00Z,101-1-1-102024,0.001,
1733272080000,2024-12-04T00:28:00Z,101-1-1-102024,0.001,
1733272140000,2024-12-04T00:29:00Z,101-1-1-102024,0.001,
1733272200000,2024-12-04T00:30:00Z,101-1-1-102024,0.001,
1733272260000,2024-12-04T00:31:00Z,101-1-1-102024,0.001,
1733272320000,2024-12-04T00:32:00Z,101-1-1-102024,0.001,
1733272380000,2024-12-04T00:33:00Z,101-1-1-102024,0.001,
1733272440000,2024-12-04T00:34:00Z,101-1-1-102024,0.001,
1733272500000,2024-12-04T00:35:00Z,101-1-1-102024,0.001,
1733272560000,2024-12-04T00:36:00Z,101-1-1-102024,0.001,
1733272620000,2024-12-04T00:37:00Z,101-1-1-102024,0.001,
1733272680000,2024-12-04T00:38:00Z,101-1-1-102024,0.001,
1733272740000,2024-12-04T00:39:00Z,101-1-1-102024,0.001,
1733272800000,2024-12-04T00:40:00Z,101-1-1-102024,0.001,
1733272860000,2024-12-04T00:41:00Z,101-1-1-102024,0.001,
1733272920000,2024-12-04T00:42:00Z,101-1-1-102024,0.001,
1733272980000,2024-12-04T00:43:00Z,101-1-1-102024,0.001,
1733273040000,2024-12-04T00:44:00Z,101-1-1-102024,0.001,
1733273100000,2024-12-04T00:45:00Z,101-1-1-102024,0.001,
1733273160000,2024-12-04T00:46:00Z,101-1-1-102024,0.016,
1733273220000,2024-12-04T00:47:00Z,101-1-1-102024,0.001,
1733273280000,2024-12-04T00:48:00Z,101-1-1-102024,0.001,
1733273340000,2024-12-04T00:49:00Z,101-1-1-102024,0.001,
1733273400000,2024-12-04T00:50:00Z,101-1-1-102024,0.005,
1733273460000,2024-12-04T00:51:00Z,101-1-1-102024,0.036,
1733273520000,2024-12-04T00:52:00Z,101-1-1-102024,0.001,
1733273580000,2024-12-04T00:53:00Z,101-1-1-102024,0.001,
1733273640000,2024-12-04T00:54:00Z,101-1-1-102024,0.001,
1733273700000,2024-12-04T00:55:00Z,101-1-1-102024,0.001,
1733273760000,2024-12-04T00:56:00Z,101-1-1-102024,0.01,
1733273820000,2024-12-04T00:57:00Z,101-1-1-102024,0.001,
1733273880000,2024-12-04T00:58:00Z,101-1-1-102024,0.001,
1733273940000,2024-12-04T00:59:00Z,101-1-1-102024,0.001,
1733274000000,2024-12-04T01:00:00Z,101-1-1-102024,0.001,
1733274060000,2024-12-04T01:01:00Z,101-1-1-102024,0.001,
1733274120000,2024-12-04T01:02:00Z,101-1-1-102024,0.001,
1733274180000,2024-12-04T01:03:00Z,101-1-1-102024,0.002,
1733274240000,2024-12-04T01:04:00Z,101-1-1-102024,0.002,
1733274300000,2024-12-04T01:05:00Z,101-1-1-102024,0.001,
1733274360000,2024-12-04T01:06:00Z,101-1-1-102024,0.001,
1733274420000,2024-12-04T01:07:00Z,101-1-1-102024,0.01,
1733274480000,2024-12-04T01:08:00Z,101-1-1-102024,0.001,
1733274540000,2024-12-04T01:09:00Z,101-1-1-102024,0.001,
1733274600000,2024-12-04T01:10:00Z,101-1-1-102024,0.001,
1733274660000,2024-12-04T01:11:00Z,101-1-1-102024,0.001,
1733274720000,2024-12-04T01:12:00Z,101-1-1-102024,0.001,
1733274780000,2024-12-04T01:13:00Z,101-1-1-102024,0.001,
1733274840000,2024-12-04T01:14:00Z,101-1-1-102024,0.001,
1733274900000,2024-12-04T01:15:00Z,101-1-1-102024,0.026,
1733274960000,2024-12-04T01:16:00Z,101-1-1-102024,0.008,
1733275020000,2024-12-04T01:17:00Z,101-1-1-102024,0.001,
1733275080000,2024-12-04T01:18:00Z,101-1-1-102024,0.001,
1733275140000,2024-12-04T01:19:00Z,101-1-1-102024,0.001,
1733275200000,2024-12-04T01:20:00Z,101-1-1-102024,0.021,
1733275260000,2024-12-04T01:21:00Z,101-1-1-102024,0.013,
1733275320000,2024-12-04T01:22:00Z,101-1-1-102024,0.001,
1733275380000,2024-12-04T01:23:00Z,101-1-1-102024,0.001,
1733275440000,2024-12-04T01:24:00Z,101-1-1-102024,0.001,
1733275500000,2024-12-04T01:25:00Z,101-1-1-102024,0.001,
1733275560000,2024-12-04T01:26:00Z,101-1-1-102024,0.001,
1733275620000,2024-12-04T01:27:00Z,101-1-1-102024,0.001,
1733275680000,2024-12-04T01:28:00Z,101-1-1-102024,0.001,
1733275740000,2024-12-04T01:29:00Z,101-1-1-102024,0.001,
1733275800000,2024-12-04T01:30:00Z,101-1-1-102024,0.001,
1733275860000,2024-12-04T01:31:00Z,101-1-1-102024,0.001,
1733275920000,2024-12-04T01:32:00Z,101-1-1-102024,0.001,
1733275980000,2024-12-04T01:33:00Z,101-1-1-102024,0.001,
1733276040000,2024-12-04T01:34:00Z,101-1-1-102024,0.001,
1733276100000,2024-12-04T01:35:00Z,101-1-1-102024,0.001,
1733276160000,2024-12-04T01:36:00Z,101-1-1-102024,0.001,
1733276220000,2024-12-04T01:37:00Z,101-1-1-102024,0.001,
1733276280000,2024-12-04T01:38:00Z,101-1-1-102024,0.001,
1733276340000,2024-12-04T01:39:00Z,101-1-1-102024,0.001,
1733276400000,2024-12-04T01:40:00Z,101-1-1-102024,0.001,
1733276460000,2024-12-04T01:41:00Z,101-1-1-102024,0.001,
1733276520000,2024-12-04T01:42:00Z,101-1-1-102024,0.001,
1733276580000,2024-12-04T01:43:00Z,101-1-1-102024,0.001,
1733276640000,2024-12-04T01:44:00Z,101-1-1-102024,0.001,
1733276700000,2024-12-04T01:45:00Z,101-1-1-102024,0.001,
1733276760000,2024-12-04T01:46:00Z,101-1-1-102024,0.001,
1733276820000,2024-12-04T01:47:00Z,101-1-1-102024,0.001,
1733276880000,2024-12-04T01:48:00Z,101-1-1-102024,0.001,
1733276940000,2024-12-04T01:49:00Z,101-1-1-102024,0.001,
1733277000000,2024-12-04T01:50:00Z,101-1-1-102024,0.001,
1733277060000,2024-12-04T01:51:00Z,101-1-1-102024,0.001,
1733277120000,2024-12-04T01:52:00Z,101-1-1-102024,0.001,
1733277180000,2024-12-04T01:53:00Z,101-1-1-102024,0.001,
1733277240000,2024-12-04T01:54:00Z,101-1-1-102024,0.001,
1733277300000,2024-12-04T01:55:00Z,101-1-1-102024,0.001,
1733277360000,2024-12-04T01:56:00Z,101-1-1-102024,0.013,
1733277420000,2024-12-04T01:57:00Z,101-1-1-102024,0.001,
1733277480000,2024-12-04T01:58:00Z,101-1-1-102024,0.001,
1733277540000,2024-12-04T01:59:00Z,101-1-1-102024,0.001,
1733277600000,2024-12-04T02:00:00Z,101-1-1-102024,0.001,
1733277660000,2024-12-04T02:01:00Z,101-1-1-102024,0.001,
1733277720000,2024-12-04T02:02:00Z,101-1-1-102024,0.006,
1733277780000,2024-12-04T02:03:00Z,101-1-1-102024,0.001,
1733277840000,2024-12-04T02:04:00Z,101-1-1-102024,0.001,
1733277900000,2024-12-04T02:05:00Z,101-1-1-102024,0.001,
1733277960000,2024-12-04T02:06:00Z,101-1-1-102024,0.001,
1733278020000,2024-12-04T02:07:00Z,101-1-1-102024,0.001,
1733278080000,2024-12-04T02:08:00Z,101-1-1-102024,0.001,
1733278140000,2024-12-04T02:09:00Z,101-1-1-102024,0.001,
1733278200000,2024-12-04T02:10:00Z,101-1-1-102024,0.001,
1733278260000,2024-12-04T02:11:00Z,101-1-1-102024,0.001,
1733278320000,2024-12-04T02:12:00Z,101-1-1-102024,0.001,
1733278380000,2024-12-04T02:13:00Z,101-1-1-102024,0.001,
1733278440000,2024-12-04T02:14:00Z,101-1-1-102024,0.001,
1733278500000,2024-12-04T02:15:00Z,101-1-1-102024,0.001,
1733278560000,2024-12-04T02:16:00Z,101-1-1-102024,0.001,
1733278620000,2024-12-04T02:17:00Z,101-1-1-102024,0.001,
1733278680000,2024-12-04T02:18:00Z,101-1-1-102024,0.001,
1733278740000,2024-12-04T02:19:00Z,101-1-1-102024,0.001,
1733278800000,2024-12-04T02:20:00Z,101-1-1-102024,0.021,
1733278860000,2024-12-04T02:21:00Z,101-1-1-102024,0.075,
1733278920000,2024-12-04T02:22:00Z,101-1-1-102024,0.046,
1733278980000,2024-12-04T02:23:00Z,101-1-1-102024,0.096,
1733279040000,2024-12-04T02:24:00Z,101-1-1-102024,0.116,
1733279100000,2024-12-04T02:25:00Z,101-1-1-102024,0.117,
1733279160000,2024-12-04T02:26:00Z,101-1-1-102024,0.039,
1733279220000,2024-12-04T02:27:00Z,101-1-1-102024,0.015,
1733279280000,2024-12-04T02:28:00Z,101-1-1-102024,0.029,
1733279340000,2024-12-04T02:29:00Z,101-1-1-102024,0.021,
1733279400000,2024-12-04T02:30:00Z,101-1-1-102024,0.016,
1733279460000,2024-12-04T02:31:00Z,101-1-1-102024,0.001,
1733279520000,2024-12-04T02:32:00Z,101-1-1-102024,0.012,
1733279580000,2024-12-04T02:33:00Z,101-1-1-102024,0.003,
1733279640000,2024-12-04T02:34:00Z,101-1-1-102024,0.002,
1733279700000,2024-12-04T02:35:00Z,101-1-1-102024,0.001,
1733279760000,2024-12-04T02:36:00Z,101-1-1-102024,0.003,
1733279820000,2024-12-04T02:37:00Z,101-1-1-102024,0.002,
1733279880000,2024-12-04T02:38:00Z,101-1-1-102024,0.004,
1733279940000,2024-12-04T02:39:00Z,101-1-1-102024,0.032,
1733280000000,2024-12-04T02:40:00Z,101-1-1-102024,0.015,
1733280060000,2024-12-04T02:41:00Z,101-1-1-102024,0.022,
1733280120000,2024-12-04T02:42:00Z,101-1-1-102024,0.04,
1733280180000,2024-12-04T02:43:00Z,101-1-1-102024,0.001,
1733280240000,2024-12-04T02:44:00Z,101-1-1-102024,0.001,
1733280300000,2024-12-04T02:45:00Z,101-1-1-102024,0.001,
1733280360000,2024-12-04T02:46:00Z,101-1-1-102024,0.001,
1733280420000,2024-12-04T02:47:00Z,101-1-1-102024,0.001,
1733280480000,2024-12-04T02:48:00Z,101-1-1-102024,0.001,
1733280540000,2024-12-04T02:49:00Z,101-1-1-102024,0.002,
1733280600000,2024-12-04T02:50:00Z,101-1-1-102024,0.001,
1733280660000,2024-12-04T02:51:00Z,101-1-1-102024,0.001,
1733280720000,2024-12-04T02:52:00Z,101-1-1-102024,0.001,
1733280780000,2024-12-04T02:53:00Z,101-1-1-102024,0.001,
1733280840000,2024-12-04T02:54:00Z,101-1-1-102024,0.001,
1733280900000,2024-12-04T02:55:00Z,101-1-1-102024,0.001,
1733280960000,2024-12-04T02:56:00Z,101-1-1-102024,0.001,
1733281020000,2024-12-04T02:57:00Z,101-1-1-102024,0.001,
1733281080000,2024-12-04T02:58:00Z,101-1-1-102024,0.003,
1733281140000,2024-12-04T02:59:00Z,101-1-1-102024,0.005,
1733281200000,2024-12-04T03:00:00Z,101-1-1-102024,0.001,
1733281260000,2024-12-04T03:01:00Z,101-1-1-102024,0.001,
1733281320000,2024-12-04T03:02:00Z,101-1-1-102024,0.001,
1733281380000,2024-12-04T03:03:00Z,101-1-1-102024,0.001,
1733281440000,2024-12-04T03:04:00Z,101-1-1-102024,0.001,
1733281500000,2024-12-04T03:05:00Z,101-1-1-102024,0.001,
1733281560000,2024-12-04T03:06:00Z,101-1-1-102024,0.001,
1733281620000,2024-12-04T03:07:00Z,101-1-1-102024,0.001,
1733281680000,2024-12-04T03:08:00Z,101-1-1-102024,0.001,
1733281740000,2024-12-04T03:09:00Z,101-1-1-102024,0.001,
1733281800000,2024-12-04T03:10:00Z,101-1-1-102024,0.002,
1733281860000,2024-12-04T03:11:00Z,101-1-1-102024,0.001,
1733281920000,2024-12-04T03:12:00Z,101-1-1-102024,0.001,
1733281980000,2024-12-04T03:13:00Z,101-1-1-102024,0.001,
1733282040000,2024-12-04T03:14:00Z,101-1-1-102024,0.001,
1733282100000,2024-12-04T03:15:00Z,101-1-1-102024,0.001,
1733282160000,2024-12-04T03:16:00Z,101-1-1-102024,0.001,
1733282220000,2024-12-04T03:17:00Z,101-1-1-102024,0.001,
1733282280000,2024-12-04T03:18:00Z,101-1-1-102024,0.001,
1733282340000,2024-12-04T03:19:00Z,101-1-1-102024,0.001,
1733282400000,2024-12-04T03:20:00Z,101-1-1-102024,0.001,
1733282460000,2024-12-04T03:21:00Z,101-1-1-102024,0.001,
1733282520000,2024-12-04T03:22:00Z,101-1-1-102024,0.001,
1733282580000,2024-12-04T03:23:00Z,101-1-1-102024,0.001,
1733282640000,2024-12-04T03:24:00Z,101-1-1-102024,0.001,
1733282700000,2024-12-04T03:25:00Z,101-1-1-102024,0.001,
1733282760000,2024-12-04T03:26:00Z,101-1-1-102024,0.001,
1733282820000,2024-12-04T03:27:00Z,101-1-1-102024,0.001,
1733282880000,2024-12-04T03:28:00Z,101-1-1-102024,0.001,
1733282940000,2024-12-04T03:29:00Z,101-1-1-102024,0.001,
1733283000000,2024-12-04T03:30:00Z,101-1-1-102024,0.001,
1733283060000,2024-12-04T03:31:00Z,101-1-1-102024,0.001,
1733283120000,2024-12-04T03:32:00Z,101-1-1-102024,0.001,
1733283180000,2024-12-04T03:33:00Z,101-1-1-102024,0.001,
1733283240000,2024-12-04T03:34:00Z,101-1-1-102024,0.001,
1733283300000,2024-12-04T03:35:00Z,101-1-1-102024,0.001,
1733283360000,2024-12-04T03:36:00Z,101-1-1-102024,0.001,
1733283420000,2024-12-04T03:37:00Z,101-1-1-102024,0.001,
1733283480000,2024-12-04T03:38:00Z,101-1-1-102024,0.001,
1733283540000,2024-12-04T03:39:00Z,101-1-1-102024,0.001,
1733283600000,2024-12-04T03:40:00Z,101-1-1-102024,0.001,
1733283660000,2024-12-04T03:41:00Z,101-1-1-102024,0.001,
1733283720000,2024-12-04T03:42:00Z,101-1-1-102024,0.001,
1733283780000,2024-12-04T03:43:00Z,101-1-1-102024,0.001,
1733283840000,2024-12-04T03:44:00Z,101-1-1-102024,0.001,
1733283900000,2024-12-04T03:45:00Z,101-1-1-102024,0.001,
1733283960000,2024-12-04T03:46:00Z,101-1-1-102024,0.001,
1733284020000,2024-12-04T03:47:00Z,101-1-1-102024,0.001,
1733284080000,2024-12-04T03:48:00Z,101-1-1-102024,0.001,
1733284140000,2024-12-04T03:49:00Z,101-1-1-102024,0.001,
1733284200000,2024-12-04T03:50:00Z,101-1-1-102024,0.001,
1733284260000,2024-12-04T03:51:00Z,101-1-1-102024,0.001,
1733284320000,2024-12-04T03:52:00Z,101-1-1-102024,0.001,
1733284380000,2024-12-04T03:53:00Z,101-1-1-102024,0.001,
1733284440000,2024-12-04T03:54:00Z,101-1-1-102024,0.001,
1733284500000,2024-12-04T03:55:00Z,101-1-1-102024,0.001,
1733284560000,2024-12-04T03:56:00Z,101-1-1-102024,0.001,
1733284620000,2024-12-04T03:57:00Z,101-1-1-102024,0.001,
1733284680000,2024-12-04T03:58:00Z,101-1-1-102024,0.001,
1733284740000,2024-12-04T03:59:00Z,101-1-1-102024,0.017,
1733284800000,2024-12-04T04:00:00Z,101-1-1-102024,0.001,
1733284860000,2024-12-04T04:01:00Z,101-1-1-102024,0.001,
1733284920000,2024-12-04T04:02:00Z,101-1-1-102024,0.001,
1733284980000,2024-12-04T04:03:00Z,101-1-1-102024,0.001,
1733285040000,2024-12-04T04:04:00Z,101-1-1-102024,0.001,
1733285100000,2024-12-04T04:05:00Z,101-1-1-102024,0.001,
1733285160000,2024-12-04T04:06:00Z,101-1-1-102024,0.001,
1733285220000,2024-12-04T04:07:00Z,101-1-1-102024,0.034,
1733285280000,2024-12-04T04:08:00Z,101-1-1-102024,0.001,
1733285340000,2024-12-04T04:09:00Z,101-1-1-102024,0.001,
1733285400000,2024-12-04T04:10:00Z,101-1-1-102024,0.001,
1733285460000,2024-12-04T04:11:00Z,101-1-1-102024,0.001,
1733285520000,2024-12-04T04:12:00Z,101-1-1-102024,0.001,
1733285580000,2024-12-04T04:13:00Z,101-1-1-102024,0.001,
1733285640000,2024-12-04T04:14:00Z,101-1-1-102024,0.001,
1733285700000,2024-12-04T04:15:00Z,101-1-1-102024,0.001,
1733285760000,2024-12-04T04:16:00Z,101-1-1-102024,0.001,
1733285820000,2024-12-04T04:17:00Z,101-1-1-102024,0.005,
1733285880000,2024-12-04T04:18:00Z,101-1-1-102024,0.001,
1733285940000,2024-12-04T04:19:00Z,101-1-1-102024,0.001,
1733286000000,2024-12-04T04:20:00Z,101-1-1-102024,0.001,
1733286060000,2024-12-04T04:21:00Z,101-1-1-102024,0.001,
1733286120000,2024-12-04T04:22:00Z,101-1-1-102024,0.001,
1733286180000,2024-12-04T04:23:00Z,101-1-1-102024,0.001,
1733286240000,2024-12-04T04:24:00Z,101-1-1-102024,0.001,
1733286300000,2024-12-04T04:25:00Z,101-1-1-102024,0.001,
1733286360000,2024-12-04T04:26:00Z,101-1-1-102024,0.001,
1733286420000,2024-12-04T04:27:00Z,101-1-1-102024,0.001,
1733286480000,2024-12-04T04:28:00Z,101-1-1-102024,0.001,
1733286540000,2024-12-04T04:29:00Z,101-1-1-102024,0.001,
1733286600000,2024-12-04T04:30:00Z,101-1-1-102024,0.001,
1733286660000,2024-12-04T04:31:00Z,101-1-1-102024,0.001,
1733286720000,2024-12-04T04:32:00Z,101-1-1-102024,0.001,
1733286780000,2024-12-04T04:33:00Z,101-1-1-102024,0.001,
1733286840000,2024-12-04T04:34:00Z,101-1-1-102024,0.001,
1733286900000,2024-12-04T04:35:00Z,101-1-1-102024,0.001,
1733286960000,2024-12-04T04:36:00Z,101-1-1-102024,0.001,
1733287020000,2024-12-04T04:37:00Z,101-1-1-102024,0.001,
1733287080000,2024-12-04T04:38:00Z,101-1-1-102024,0.001,
1733287140000,2024-12-04T04:39:00Z,101-1-1-102024,0.001,
1733287200000,2024-12-04T04:40:00Z,101-1-1-102024,0.001,
1733287260000,2024-12-04T04:41:00Z,101-1-1-102024,0.001,
1733287320000,2024-12-04T04:42:00Z,101-1-1-102024,0.001,
1733287380000,2024-12-04T04:43:00Z,101-1-1-102024,0.001,
1733287440000,2024-12-04T04:44:00Z,101-1-1-102024,0.001,
1733287500000,2024-12-04T04:45:00Z,101-1-1-102024,0.001,
1733287560000,2024-12-04T04:46:00Z,101-1-1-102024,0.001,
1733287620000,2024-12-04T04:47:00Z,101-1-1-102024,0.001,
1733287680000,2024-12-04T04:48:00Z,101-1-1-102024,0.001,
1733287740000,2024-12-04T04:49:00Z,101-1-1-102024,0.001,
1733287800000,2024-12-04T04:50:00Z,101-1-1-102024,0.001,
1733287860000,2024-12-04T04:51:00Z,101-1-1-102024,0.001,
1733287920000,2024-12-04T04:52:00Z,101-1-1-102024,0.001,
1733287980000,2024-12-04T04:53:00Z,101-1-1-102024,0.001,
1733288040000,2024-12-04T04:54:00Z,101-1-1-102024,0.001,
1733288100000,2024-12-04T04:55:00Z,101-1-1-102024,0.001,
1733288160000,2024-12-04T04:56:00Z,101-1-1-102024,0.001,
1733288220000,2024-12-04T04:57:00Z,101-1-1-102024,0.001,
1733288280000,2024-12-04T04:58:00Z,101-1-1-102024,0.001,
1733288340000,2024-12-04T04:59:00Z,101-1-1-102024,0.001,
1733288400000,2024-12-04T05:00:00Z,101-1-1-102024,0.021,
1733288460000,2024-12-04T05:01:00Z,101-1-1-102024,0.079,
1733288520000,2024-12-04T05:02:00Z,101-1-1-102024,0.089,
1733288580000,2024-12-04T05:03:00Z,101-1-1-102024,0.072,
1733288640000,2024-12-04T05:04:00Z,101-1-1-102024,0.082,
1733288700000,2024-12-04T05:05:00Z,101-1-1-102024,0.096,
1733288760000,2024-12-04T05:06:00Z,101-1-1-102024,0.096,
1733288820000,2024-12-04T05:07:00Z,101-1-1-102024,0.135,
1733288880000,2024-12-04T05:08:00Z,101-1-1-102024,0.147,
1733288940000,2024-12-04T05:09:00Z,101-1-1-102024,,device_not_worn_correctly
1733289000000,2024-12-04T05:10:00Z,101-1-1-102024,,device_not_worn_correctly
1733289060000,2024-12-04T05:11:00Z,101-1-1-102024,,device_not_worn_correctly
1733289120000,2024-12-04T05:12:00Z,101-1-1-102024,,device_not_worn_correctly
1733289180000,2024-12-04T05:13:00Z,101-1-1-102024,,device_not_worn_correctly
1733289240000,2024-12-04T05:14:00Z,101-1-1-102024,,device_not_worn_correctly
1733289300000,2024-12-04T05:15:00Z,101-1-1-102024,,device_not_worn_correctly
1733289360000,2024-12-04T05:16:00Z,101-1-1-102024,,device_not_worn_correctly
1733289420000,2024-12-04T05:17:00Z,101-1-1-102024,,device_not_worn_correctly
1733289480000,2024-12-04T05:18:00Z,101-1-1-102024,0.134,
1733289540000,2024-12-04T05:19:00Z,101-1-1-102024,0.08,
1733289600000,2024-12-04T05:20:00Z,101-1-1-102024,0.001,
1733289660000,2024-12-04T05:21:00Z,101-1-1-102024,0.004,
1733289720000,2024-12-04T05:22:00Z,101-1-1-102024,0.004,
1733289780000,2024-12-04T05:23:00Z,101-1-1-102024,0.036,
1733289840000,2024-12-04T05:24:00Z,101-1-1-102024,0.009,
1733289900000,2024-12-04T05:25:00Z,101-1-1-102024,0.01,
1733289960000,2024-12-04T05:26:00Z,101-1-1-102024,0.004,
1733290020000,2024-12-04T05:27:00Z,101-1-1-102024,0.007,
1733290080000,2024-12-04T05:28:00Z,101-1-1-102024,0.003,
1733290140000,2024-12-04T05:29:00Z,101-1-1-102024,0.003,
1733290200000,2024-12-04T05:30:00Z,101-1-1-102024,0.003,
1733290260000,2024-12-04T05:31:00Z,101-1-1-102024,0.001,
1733290320000,2024-12-04T05:32:00Z,101-1-1-102024,0.001,
1733290380000,2024-12-04T05:33:00Z,101-1-1-102024,0.002,
1733290440000,2024-12-04T05:34:00Z,101-1-1-102024,0.002,
1733290500000,2024-12-04T05:35:00Z,101-1-1-102024,0.007,
1733290560000,2024-12-04T05:36:00Z,101-1-1-102024,0.001,
1733290620000,2024-12-04T05:37:00Z,101-1-1-102024,0.006,
1733290680000,2024-12-04T05:38:00Z,101-1-1-102024,0.005,
1733290740000,2024-12-04T05:39:00Z,101-1-1-102024,0.001,
1733290800000,2024-12-04T05:40:00Z,101-1-1-102024,0.008,
1733290860000,2024-12-04T05:41:00Z,101-1-1-102024,0.001,
1733290920000,2024-12-04T05:42:00Z,101-1-1-102024,0.007,
1733290980000,2024-12-04T05:43:00Z,101-1-1-102024,0.006,
1733291040000,2024-12-04T05:44:00Z,101-1-1-102024,0.002,
1733291100000,2024-12-04T05:45:00Z,101-1-1-102024,0.002,
1733291160000,2024-12-04T05:46:00Z,101-1-1-102024,0.01,
1733291220000,2024-12-04T05:47:00Z,101-1-1-102024,0.039,
1733291280000,2024-12-04T05:48:00Z,101-1-1-102024,0.021,
1733291340000,2024-12-04T05:49:00Z,101-1-1-102024,0.007,
1733291400000,2024-12-04T05:50:00Z,101-1-1-102024,0.02,
1733291460000,2024-12-04T05:51:00Z,101-1-1-102024,0.026,
1733291520000,2024-12-04T05:52:00Z,101-1-1-102024,0.002,
1733291580000,2024-12-04T05:53:00Z,101-1-1-102024,0.004,
1733291640000,2024-12-04T05:54:00Z,101-1-1-102024,0.003,
1733291700000,2024-12-04T05:55:00Z,101-1-1-102024,0.018,
1733291760000,2024-12-04T05:56:00Z,101-1-1-102024,0.003,
1733291820000,2024-12-04T05:57:00Z,101-1-1-102024,0.003,
1733291880000,2024-12-04T05:58:00Z,101-1-1-102024,0.038,
1733291940000,2024-12-04T05:59:00Z,101-1-1-102024,0.031,
1733292000000,2024-12-04T06:00:00Z,101-1-1-102024,0.029,
1733292060000,2024-12-04T06:01:00Z,101-1-1-102024,0.004,
1733292120000,2024-12-04T06:02:00Z,101-1-1-102024,0.01,
1733292180000,2024-12-04T06:03:00Z,101-1-1-102024,0.015,
1733292240000,2024-12-04T06:04:00Z,101-1-1-102024,0.061,
1733292300000,2024-12-04T06:05:00Z,101-1-1-102024,0.104,
1733292360000,2024-12-04T06:06:00Z,101-1-1-102024,0.198,
1733292420000,2024-12-04T06:07:00Z,101-1-1-102024,0.172,
1733292480000,2024-12-04T06:08:00Z,101-1-1-102024,0.08,
1733292540000,2024-12-04T06:09:00Z,101-1-1-102024,0.09,
1733292600000,2024-12-04T06:10:00Z,101-1-1-102024,0.094,
1733292660000,2024-12-04T06:11:00Z,101-1-1-102024,0.198,
1733292720000,2024-12-04T06:12:00Z,101-1-1-102024,0.16,
1733292780000,2024-12-04T06:13:00Z,101-1-1-102024,0.121,
1733292840000,2024-12-04T06:14:00Z,101-1-1-102024,0.104,
1733292900000,2024-12-04T06:15:00Z,101-1-1-102024,0.103,
1733292960000,2024-12-04T06:16:00Z,101-1-1-102024,0.09,
1733293020000,2024-12-04T06:17:00Z,101-1-1-102024,0.117,
1733293080000,2024-12-04T06:18:00Z,101-1-1-102024,0.113,
1733293140000,2024-12-04T06:19:00Z,101-1-1-102024,0.093,
1733293200000,2024-12-04T06:20:00Z,101-1-1-102024,0.099,
1733293260000,2024-12-04T06:21:00Z,101-1-1-102024,0.084,
1733293320000,2024-12-04T06:22:00Z,101-1-1-102024,0.114,
1733293380000,2024-12-04T06:23:00Z,101-1-1-102024,0.088,
1733293440000,2024-12-04T06:24:00Z,101-1-1-102024,0.041,
1733293500000,2024-12-04T06:25:00Z,101-1-1-102024,0.05,
1733293560000,2024-12-04T06:26:00Z,101-1-1-102024,0.011,
1733293620000,2024-12-04T06:27:00Z,101-1-1-102024,0.012,
1733293680000,2024-12-04T06:28:00Z,101-1-1-102024,0.016,
1733293740000,2024-12-04T06:29:00Z,101-1-1-102024,0.007,
1733293800000,2024-12-04T06:30:00Z,101-1-1-102024,0.038,
1733293860000,2024-12-04T06:31:00Z,101-1-1-102024,0.028,
1733293920000,2024-12-04T06:32:00Z,101-1-1-102024,0.038,
1733293980000,2024-12-04T06:33:00Z,101-1-1-102024,0.044,
1733294040000,2024-12-04T06:34:00Z,101-1-1-102024,0.031,
1733294100000,2024-12-04T06:35:00Z,101-1-1-102024,0.024,
1733294160000,2024-12-04T06:36:00Z,101-1-1-102024,0.045,
1733294220000,2024-12-04T06:37:00Z,101-1-1-102024,0.03,
1733294280000,2024-12-04T06:38:00Z,101-1-1-102024,0.049,
1733294340000,2024-12-04T06:39:00Z,101-1-1-102024,0.02,
1733294400000,2024-12-04T06:40:00Z,101-1-1-102024,0.03,
1733294460000,2024-12-04T06:41:00Z,101-1-1-102024,0.043,
1733294520000,2024-12-04T06:42:00Z,101-1-1-102024,0.02,
1733294580000,2024-12-04T06:43:00Z,101-1-1-102024,0.039,
1733294640000,2024-12-04T06:44:00Z,101-1-1-102024,0.037,
1733294700000,2024-12-04T06:45:00Z,101-1-1-102024,0.056,
1733294760000,2024-12-04T06:46:00Z,101-1-1-102024,0.03,
1733294820000,2024-12-04T06:47:00Z,101-1-1-102024,0.047,
1733294880000,2024-12-04T06:48:00Z,101-1-1-102024,0.038,
1733294940000,2024-12-04T06:49:00Z,101-1-1-102024,0.013,
1733295000000,2024-12-04T06:50:00Z,101-1-1-102024,0.033,
1733295060000,2024-12-04T06:51:00Z,101-1-1-102024,0.024,
1733295120000,2024-12-04T06:52:00Z,101-1-1-102024,0.021,
1733295180000,2024-12-04T06:53:00Z,101-1-1-102024,0.041,
1733295240000,2024-12-04T06:54:00Z,101-1-1-102024,0.03,
1733295300000,2024-12-04T06:55:00Z,101-1-1-102024,0.017,
1733295360000,2024-12-04T06:56:00Z,101-1-1-102024,0.019,
1733295420000,2024-12-04T06:57:00Z,101-1-1-102024,0.019,
1733295480000,2024-12-04T06:58:00Z,101-1-1-102024,0.081,
1733295540000,2024-12-04T06:59:00Z,101-1-1-102024,0.08,
1733295600000,2024-12-04T07:00:00Z,101-1-1-102024,0.012,
1733295660000,2024-12-04T07:01:00Z,101-1-1-102024,0.02,
1733295720000,2024-12-04T07:02:00Z,101-1-1-102024,0.031,
1733295780000,2024-12-04T07:03:00Z,101-1-1-102024,0.002,
1733295840000,2024-12-04T07:04:00Z,101-1-1-102024,0.009,
1733295900000,2024-12-04T07:05:00Z,101-1-1-102024,0.004,
1733295960000,2024-12-04T07:06:00Z,101-1-1-102024,0.006,
1733296020000,2024-12-04T07:07:00Z,101-1-1-102024,0.01,
1733296080000,2024-12-04T07:08:00Z,101-1-1-102024,0.018,
1733296140000,2024-12-04T07:09:00Z,101-1-1-102024,0.001,
1733296200000,2024-12-04T07:10:00Z,101-1-1-102024,0.001,
1733296260000,2024-12-04T07:11:00Z,101-1-1-102024,0.001,
1733296320000,2024-12-04T07:12:00Z,101-1-1-102024,0.001,
1733296380000,2024-12-04T07:13:00Z,101-1-1-102024,0.001,
1733296440000,2024-12-04T07:14:00Z,101-1-1-102024,0.262,
1733296500000,2024-12-04T07:15:00Z,101-1-1-102024,0.245,
1733296560000,2024-12-04T07:16:00Z,101-1-1-102024,0.238,
1733296620000,2024-12-04T07:17:00Z,101-1-1-102024,0.253,
1733296680000,2024-12-04T07:18:00Z,101-1-1-102024,0.249,
1733296740000,2024-12-04T07:19:00Z,101-1-1-102024,0.251,
1733296800000,2024-12-04T07:20:00Z,101-1-1-102024,0.249,
1733296860000,2024-12-04T07:21:00Z,101-1-1-102024,0.339,
1733296920000,2024-12-04T07:22:00Z,101-1-1-102024,0.13,
1733296980000,2024-12-04T07:23:00Z,101-1-1-102024,0.145,
1733297040000,2024-12-04T07:24:00Z,101-1-1-102024,0.008,
1733297100000,2024-12-04T07:25:00Z,101-1-1-102024,0.041,
1733297160000,2024-12-04T07:26:00Z,101-1-1-102024,0.034,
1733297220000,2024-12-04T07:27:00Z,101-1-1-102024,0.027,
1733297280000,2024-12-04T07:28:00Z,101-1-1-102024,0.013,
1733297340000,2024-12-04T07:29:00Z,101-1-1-102024,0.023,
1733297400000,2024-12-04T07:30:00Z,101-1-1-102024,0.027,
1733297460000,2024-12-04T07:31:00Z,101-1-1-102024,0.023,
1733297520000,2024-12-04T07:32:00Z,101-1-1-102024,0.018,
1733297580000,2024-12-04T07:33:00Z,101-1-1-102024,0.018,
1733297640000,2024-12-04T07:34:00Z,101-1-1-102024,0.03,
1733297700000,2024-12-04T07:35:00Z,101-1-1-102024,0.022,
1733297760000,2024-12-04T07:36:00Z,101-1-1-102024,0.025,
1733297820000,2024-12-04T07:37:00Z,101-1-1-102024,0.014,
1733297880000,2024-12-04T07:38:00Z,101-1-1-102024,0.018,
1733297940000,2024-12-04T07:39:00Z,101-1-1-102024,0.016,
1733298000000,2024-12-04T07:40:00Z,101-1-1-102024,0.055,
1733298060000,2024-12-04T07:41:00Z,101-1-1-102024,0.022,
1733298120000,2024-12-04T07:42:00Z,101-1-1-102024,0.017,
1733298180000,2024-12-04T07:43:00Z,101-1-1-102024,0.02,
1733298240000,2024-12-04T07:44:00Z,101-1-1-102024,0.024,
1733298300000,2024-12-04T07:45:00Z,101-1-1-102024,0.016,
1733298360000,2024-12-04T07:46:00Z,101-1-1-102024,0.007,
1733298420000,2024-12-04T07:47:00Z,101-1-1-102024,0.02,
1733298480000,2024-12-04T07:48:00Z,101-1-1-102024,0.012,
1733298540000,2024-12-04T07:49:00Z,101-1-1-102024,0.016,
1733298600000,2024-12-04T07:50:00Z,101-1-1-102024,0.012,
1733298660000,2024-12-04T07:51:00Z,101-1-1-102024,0.018,
1733298720000,2024-12-04T07:52:00Z,101-1-1-102024,0.018,
1733298780000,2024-12-04T07:53:00Z,101-1-1-102024,0.183,
1733298840000,2024-12-04T07:54:00Z,101-1-1-102024,0.075,
1733298900000,2024-12-04T07:55:00Z,101-1-1-102024,0.017,
1733298960000,2024-12-04T07:56:00Z,101-1-1-102024,0.008,
1733299020000,2024-12-04T07:57:00Z,101-1-1-102024,,device_not_recording
1733299080000,2024-12-04T07:58:00Z,101-1-1-102024,,device_not_recording
1733299140000,2024-12-04T07:59:00Z,101-1-1-102024,,device_not_recording
1733299200000,2024-12-04T08:00:00Z,101-1-1-102024,,device_not_recording
1733299260000,2024-12-04T08:01:00Z,101-1-1-102024,,device_not_recording
1733299320000,2024-12-04T08:02:00Z,101-1-1-102024,,device_not_recording
1733299380000,2024-12-04T08:03:00Z,101-1-1-102024,,device_not_recording
1733299440000,2024-12-04T08:04:00Z,101-1-1-102024,,device_not_recording
1733299500000,2024-12-04T08:05:00Z,101-1-1-102024,,device_not_recording
1733299560000,2024-12-04T08:06:00Z,101-1-1-102024,,device_not_recording
1733299620000,2024-12-04T08:07:00Z,101-1-1-102024,,device_not_recording
1733299680000,2024-12-04T08:08:00Z,101-1-1-102024,,device_not_recording
1733299740000,2024-12-04T08:09:00Z,101-1-1-102024,,device_not_recording
1733299800000,2024-12-04T08:10:00Z,101-1-1-102024,,device_not_recording
1733299860000,2024-12-04T08:11:00Z,101-1-1-102024,,device_not_recording
1733299920000,2024-12-04T08:12:00Z,101-1-1-102024,,device_not_recording
1733299980000,2024-12-04T08:13:00Z,101-1-1-102024,,device_not_recording
1733300040000,2024-12-04T08:14:00Z,101-1-1-102024,,device_not_recording
1733300100000,2024-12-04T08:15:00Z,101-1-1-102024,,device_not_recording
1733300160000,2024-12-04T08:16:00Z,101-1-1-102024,,device_not_recording
1733300220000,2024-12-04T08:17:00Z,101-1-1-102024,,device_not_recording
1733300280000,2024-12-04T08:18:00Z,101-1-1-102024,,device_not_recording
1733300340000,2024-12-04T08:19:00Z,101-1-1-102024,,device_not_recording
1733300400000,2024-12-04T08:20:00Z,101-1-1-102024,,device_not_recording
1733300460000,2024-12-04T08:21:00Z,101-1-1-102024,,device_not_recording
1733300520000,2024-12-04T08:22:00Z,101-1-1-102024,,device_not_recording
1733300580000,2024-12-04T08:23:00Z,101-1-1-102024,,device_not_recording
1733300640000,2024-12-04T08:24:00Z,101-1-1-102024,,device_not_recording
1733300700000,2024-12-04T08:25:00Z,101-1-1-102024,,device_not_recording
1733300760000,2024-12-04T08:26:00Z,101-1-1-102024,,device_not_recording
1733300820000,2024-12-04T08:27:00Z,101-1-1-102024,,device_not_recording
1733300880000,2024-12-04T08:28:00Z,101-1-1-102024,,device_not_recording
1733300940000,2024-12-04T08:29:00Z,101-1-1-102024,,device_not_recording
1733301000000,2024-12-04T08:30:00Z,101-1-1-102024,,device_not_recording
1733301060000,2024-12-04T08:31:00Z,101-1-1-102024,,device_not_recording
1733301120000,2024-12-04T08:32:00Z,101-1-1-102024,,device_not_recording
1733301180000,2024-12-04T08:33:00Z,101-1-1-102024,,device_not_recording
1733301240000,2024-12-04T08:34:00Z,101-1-1-102024,,device_not_recording
1733301300000,2024-12-04T08:35:00Z,101-1-1-102024,,device_not_recording
1733301360000,2024-12-04T08:36:00Z,101-1-1-102024,,device_not_recording
1733301420000,2024-12-04T08:37:00Z,101-1-1-102024,,device_not_recording
1733301480000,2024-12-04T08:38:00Z,101-1-1-102024,,device_not_recording
1733301540000,2024-12-04T08:39:00Z,101-1-1-102024,,device_not_recording
1733301600000,2024-12-04T08:40:00Z,101-1-1-102024,,device_not_recording
1733301660000,2024-12-04T08:41:00Z,101-1-1-102024,,device_not_recording
1733301720000,2024-12-04T08:42:00Z,101-1-1-102024,,device_not_recording
1733301780000,2024-12-04T08:43:00Z,101-1-1-102024,,device_not_recording
1733301840000,2024-12-04T08:44:00Z,101-1-1-102024,,device_not_recording
1733301900000,2024-12-04T08:45:00Z,101-1-1-102024,,device_not_recording
1733301960000,2024-12-04T08:46:00Z,101-1-1-102024,,device_not_recording
1733302020000,2024-12-04T08:47:00Z,101-1-1-102024,,device_not_recording
1733302080000,2024-12-04T08:48:00Z,101-1-1-102024,,device_not_recording
1733302140000,2024-12-04T08:49:00Z,101-1-1-102024,,device_not_recording
1733302200000,2024-12-04T08:50:00Z,101-1-1-102024,,device_not_recording
1733302260000,2024-12-04T08:51:00Z,101-1-1-102024,,device_not_recording
1733302320000,2024-12-04T08:52:00Z,101-1-1-102024,,device_not_recording
1733302380000,2024-12-04T08:53:00Z,101-1-1-102024,,device_not_recording
1733302440000,2024-12-04T08:54:00Z,101-1-1-102024,,device_not_recording
1733302500000,2024-12-04T08:55:00Z,101-1-1-102024,,device_not_recording
1733302560000,2024-12-04T08:56:00Z,101-1-1-102024,,device_not_recording
1733302620000,2024-12-04T08:57:00Z,101-1-1-102024,,device_not_recording
1733302680000,2024-12-04T08:58:00Z,101-1-1-102024,,device_not_recording
1733302740000,2024-12-04T08:59:00Z,101-1-1-102024,,device_not_recording
1733302800000,2024-12-04T09:00:00Z,101-1-1-102024,,device_not_recording
1733302860000,2024-12-04T09:01:00Z,101-1-1-102024,,device_not_recording
1733302920000,2024-12-04T09:02:00Z,101-1-1-102024,,device_not_recording
1733302980000,2024-12-04T09:03:00Z,101-1-1-102024,,device_not_recording
1733303040000,2024-12-04T09:04:00Z,101-1-1-102024,,device_not_recording
1733303100000,2024-12-04T09:05:00Z,101-1-1-102024,,device_not_recording
1733303160000,2024-12-04T09:06:00Z,101-1-1-102024,,device_not_recording
1733303220000,2024-12-04T09:07:00Z,101-1-1-102024,,device_not_recording
1733303280000,2024-12-04T09:08:00Z,101-1-1-102024,,device_not_recording
1733303340000,2024-12-04T09:09:00Z,101-1-1-102024,,device_not_recording
1733303400000,2024-12-04T09:10:00Z,101-1-1-102024,,device_not_recording
1733303460000,2024-12-04T09:11:00Z,101-1-1-102024,,device_not_recording
1733303520000,2024-12-04T09:12:00Z,101-1-1-102024,,device_not_recording
1733303580000,2024-12-04T09:13:00Z,101-1-1-102024,,device_not_recording
1733303640000,2024-12-04T09:14:00Z,101-1-1-102024,,device_not_recording
1733303700000,2024-12-04T09:15:00Z,101-1-1-102024,,device_not_recording
1733303760000,2024-12-04T09:16:00Z,101-1-1-102024,,device_not_recording
1733303820000,2024-12-04T09:17:00Z,101-1-1-102024,,device_not_recording
1733303880000,2024-12-04T09:18:00Z,101-1-1-102024,,device_not_recording
1733303940000,2024-12-04T09:19:00Z,101-1-1-102024,,device_not_recording
1733304000000,2024-12-04T09:20:00Z,101-1-1-102024,,device_not_recording
1733304060000,2024-12-04T09:21:00Z,101-1-1-102024,,device_not_recording
1733304120000,2024-12-04T09:22:00Z,101-1-1-102024,,device_not_recording
1733304180000,2024-12-04T09:23:00Z,101-1-1-102024,,device_not_recording
1733304240000,2024-12-04T09:24:00Z,101-1-1-102024,,device_not_recording
1733304300000,2024-12-04T09:25:00Z,101-1-1-102024,,device_not_recording
1733304360000,2024-12-04T09:26:00Z,101-1-1-102024,,device_not_recording
1733304420000,2024-12-04T09:27:00Z,101-1-1-102024,,device_not_recording
1733304480000,2024-12-04T09:28:00Z,101-1-1-102024,,device_not_recording
1733304540000,2024-12-04T09:29:00Z,101-1-1-102024,,device_not_recording
1733304600000,2024-12-04T09:30:00Z,101-1-1-102024,,device_not_recording
1733304660000,2024-12-04T09:31:00Z,101-1-1-102024,,device_not_recording
1733304720000,2024-12-04T09:32:00Z,101-1-1-102024,,device_not_recording
1733304780000,2024-12-04T09:33:00Z,101-1-1-102024,,device_not_recording
1733304840000,2024-12-04T09:34:00Z,101-1-1-102024,,device_not_recording
1733304900000,2024-12-04T09:35:00Z,101-1-1-102024,,device_not_recording
1733304960000,2024-12-04T09:36:00Z,101-1-1-102024,,device_not_recording
1733305020000,2024-12-04T09:37:00Z,101-1-1-102024,,device_not_recording
1733305080000,2024-12-04T09:38:00Z,101-1-1-102024,,device_not_recording
1733305140000,2024-12-04T09:39:00Z,101-1-1-102024,,device_not_recording
1733305200000,2024-12-04T09:40:00Z,101-1-1-102024,,device_not_recording
1733305260000,2024-12-04T09:41:00Z,101-1-1-102024,,device_not_recording
1733305320000,2024-12-04T09:42:00Z,101-1-1-102024,,device_not_recording
1733305380000,2024-12-04T09:43:00Z,101-1-1-102024,,device_not_recording
1733305440000,2024-12-04T09:44:00Z,101-1-1-102024,,device_not_recording
1733305500000,2024-12-04T09:45:00Z,101-1-1-102024,,device_not_recording
1733305560000,2024-12-04T09:46:00Z,101-1-1-102024,,device_not_recording
1733305620000,2024-12-04T09:47:00Z,101-1-1-102024,,device_not_recording
1733305680000,2024-12-04T09:48:00Z,101-1-1-102024,,device_not_recording
1733305740000,2024-12-04T09:49:00Z,101-1-1-102024,,device_not_recording
1733305800000,2024-12-04T09:50:00Z,101-1-1-102024,,device_not_recording
1733305860000,2024-12-04T09:51:00Z,101-1-1-102024,,device_not_recording
1733305920000,2024-12-04T09:52:00Z,101-1-1-102024,,device_not_recording
1733305980000,2024-12-04T09:53:00Z,101-1-1-102024,,device_not_recording
1733306040000,2024-12-04T09:54:00Z,101-1-1-102024,,device_not_recording
1733306100000,2024-12-04T09:55:00Z,101-1-1-102024,,device_not_recording
1733306160000,2024-12-04T09:56:00Z,101-1-1-102024,,device_not_recording
1733306220000,2024-12-04T09:57:00Z,101-1-1-102024,,device_not_recording
1733306280000,2024-12-04T09:58:00Z,101-1-1-102024,,device_not_recording
1733306340000,2024-12-04T09:59:00Z,101-1-1-102024,,device_not_recording
1733306400000,2024-12-04T10:00:00Z,101-1-1-102024,,device_not_recording
1733306460000,2024-12-04T10:01:00Z,101-1-1-102024,,device_not_recording
1733306520000,2024-12-04T10:02:00Z,101-1-1-102024,,device_not_recording
1733306580000,2024-12-04T10:03:00Z,101-1-1-102024,,device_not_recording
1733306640000,2024-12-04T10:04:00Z,101-1-1-102024,,device_not_recording
1733306700000,2024-12-04T10:05:00Z,101-1-1-102024,,device_not_recording
1733306760000,2024-12-04T10:06:00Z,101-1-1-102024,,device_not_recording
1733306820000,2024-12-04T10:07:00Z,101-1-1-102024,,device_not_recording
1733306880000,2024-12-04T10:08:00Z,101-1-1-102024,,device_not_recording
1733306940000,2024-12-04T10:09:00Z,101-1-1-102024,,device_not_recording
1733307000000,2024-12-04T10:10:00Z,101-1-1-102024,,device_not_recording
1733307060000,2024-12-04T10:11:00Z,101-1-1-102024,,device_not_recording
1733307120000,2024-12-04T10:12:00Z,101-1-1-102024,,device_not_recording
1733307180000,2024-12-04T10:13:00Z,101-1-1-102024,,device_not_recording
1733307240000,2024-12-04T10:14:00Z,101-1-1-102024,,device_not_recording
1733307300000,2024-12-04T10:15:00Z,101-1-1-102024,,device_not_recording
1733307360000,2024-12-04T10:16:00Z,101-1-1-102024,,device_not_recording
1733307420000,2024-12-04T10:17:00Z,101-1-1-102024,,device_not_recording
1733307480000,2024-12-04T10:18:00Z,101-1-1-102024,,device_not_recording
1733307540000,2024-12-04T10:19:00Z,101-1-1-102024,,device_not_recording
1733307600000,2024-12-04T10:20:00Z,101-1-1-102024,,device_not_recording
1733307660000,2024-12-04T10:21:00Z,101-1-1-102024,,device_not_recording
1733307720000,2024-12-04T10:22:00Z,101-1-1-102024,,device_not_recording
1733307780000,2024-12-04T10:23:00Z,101-1-1-102024,,device_not_recording
1733307840000,2024-12-04T10:24:00Z,101-1-1-102024,,device_not_recording
1733307900000,2024-12-04T10:25:00Z,101-1-1-102024,,device_not_recording
1733307960000,2024-12-04T10:26:00Z,101-1-1-102024,,device_not_recording
1733308020000,2024-12-04T10:27:00Z,101-1-1-102024,,device_not_recording
1733308080000,2024-12-04T10:28:00Z,101-1-1-102024,,device_not_recording
1733308140000,2024-12-04T10:29:00Z,101-1-1-102024,,device_not_recording
1733308200000,2024-12-04T10:30:00Z,101-1-1-102024,,device_not_recording
1733308260000,2024-12-04T10:31:00Z,101-1-1-102024,,device_not_recording
1733308320000,2024-12-04T10:32:00Z,101-1-1-102024,,device_not_recording
1733308380000,2024-12-04T10:33:00Z,101-1-1-102024,,device_not_recording
1733308440000,2024-12-04T10:34:00Z,101-1-1-102024,,device_not_recording
1733308500000,2024-12-04T10:35:00Z,101-1-1-102024,,device_not_recording
1733308560000,2024-12-04T10:36:00Z,101-1-1-102024,,device_not_recording
1733308620000,2024-12-04T10:37:00Z,101-1-1-102024,,device_not_recording
1733308680000,2024-12-04T10:38:00Z,101-1-1-102024,,device_not_recording
1733308740000,2024-12-04T10:39:00Z,101-1-1-102024,,device_not_recording
1733308800000,2024-12-04T10:40:00Z,101-1-1-102024,,device_not_recording
1733308860000,2024-12-04T10:41:00Z,101-1-1-102024,,device_not_recording
1733308920000,2024-12-04T10:42:00Z,101-1-1-102024,,device_not_recording
1733308980000,2024-12-04T10:43:00Z,101-1-1-102024,,device_not_recording
1733309040000,2024-12-04T10:44:00Z,101-1-1-102024,,device_not_recording
1733309100000,2024-12-04T10:45:00Z,101-1-1-102024,,device_not_recording
1733309160000,2024-12-04T10:46:00Z,101-1-1-102024,,device_not_recording
1733309220000,2024-12-04T10:47:00Z,101-1-1-102024,,device_not_recording
1733309280000,2024-12-04T10:48:00Z,101-1-1-102024,,device_not_recording
1733309340000,2024-12-04T10:49:00Z,101-1-1-102024,,device_not_recording
1733309400000,2024-12-04T10:50:00Z,101-1-1-102024,,device_not_recording
1733309460000,2024-12-04T10:51:00Z,101-1-1-102024,,device_not_recording
1733309520000,2024-12-04T10:52:00Z,101-1-1-102024,,device_not_recording
1733309580000,2024-12-04T10:53:00Z,101-1-1-102024,,device_not_recording
1733309640000,2024-12-04T10:54:00Z,101-1-1-102024,,device_not_recording
1733309700000,2024-12-04T10:55:00Z,101-1-1-102024,,device_not_recording
1733309760000,2024-12-04T10:56:00Z,101-1-1-102024,,device_not_recording
1733309820000,2024-12-04T10:57:00Z,101-1-1-102024,,device_not_recording
1733309880000,2024-12-04T10:58:00Z,101-1-1-102024,,device_not_recording
1733309940000,2024-12-04T10:59:00Z,101-1-1-102024,,device_not_recording
1733310000000,2024-12-04T11:00:00Z,101-1-1-102024,,device_not_recording
1733310060000,2024-12-04T11:01:00Z,101-1-1-102024,,device_not_recording
1733310120000,2024-12-04T11:02:00Z,101-1-1-102024,,device_not_recording
1733310180000,2024-12-04T11:03:00Z,101-1-1-102024,,device_not_recording
1733310240000,2024-12-04T11:04:00Z,101-1-1-102024,,device_not_recording
1733310300000,2024-12-04T11:05:00Z,101-1-1-102024,,device_not_recording
1733310360000,2024-12-04T11:06:00Z,101-1-1-102024,,device_not_recording
1733310420000,2024-12-04T11:07:00Z,101-1-1-102024,,device_not_recording
1733310480000,2024-12-04T11:08:00Z,101-1-1-102024,,device_not_recording
1733310540000,2024-12-04T11:09:00Z,101-1-1-102024,,device_not_recording
1733310600000,2024-12-04T11:10:00Z,101-1-1-102024,,device_not_recording
1733310660000,2024-12-04T11:11:00Z,101-1-1-102024,,device_not_recording
1733310720000,2024-12-04T11:12:00Z,101-1-1-102024,,device_not_recording
1733310780000,2024-12-04T11:13:00Z,101-1-1-102024,,device_not_recording
1733310840000,2024-12-04T11:14:00Z,101-1-1-102024,,device_not_recording
1733310900000,2024-12-04T11:15:00Z,101-1-1-102024,,device_not_recording
1733310960000,2024-12-04T11:16:00Z,101-1-1-102024,,device_not_recording
1733311020000,2024-12-04T11:17:00Z,101-1-1-102024,,device_not_recording
1733311080000,2024-12-04T11:18:00Z,101-1-1-102024,,device_not_recording
1733311140000,2024-12-04T11:19:00Z,101-1-1-102024,,device_not_recording
1733311200000,2024-12-04T11:20:00Z,101-1-1-102024,,device_not_recording
1733311260000,2024-12-04T11:21:00Z,101-1-1-102024,,device_not_recording
1733311320000,2024-12-04T11:22:00Z,101-1-1-102024,,device_not_recording
1733311380000,2024-12-04T11:23:00Z,101-1-1-102024,,device_not_recording
1733311440000,2024-12-04T11:24:00Z,101-1-1-102024,,device_not_recording
1733311500000,2024-12-04T11:25:00Z,101-1-1-102024,,device_not_recording
1733311560000,2024-12-04T11:26:00Z,101-1-1-102024,,device_not_recording
1733311620000,2024-12-04T11:27:00Z,101-1-1-102024,,device_not_recording
1733311680000,2024-12-04T11:28:00Z,101-1-1-102024,,device_not_recording
1733311740000,2024-12-04T11:29:00Z,101-1-1-102024,,device_not_recording
1733311800000,2024-12-04T11:30:00Z,101-1-1-102024,,device_not_recording
1733311860000,2024-12-04T11:31:00Z,101-1-1-102024,,device_not_recording
1733311920000,2024-12-04T11:32:00Z,101-1-1-102024,,device_not_recording
1733311980000,2024-12-04T11:33:00Z,101-1-1-102024,,device_not_recording
1733312040000,2024-12-04T11:34:00Z,101-1-1-102024,,device_not_recording
1733312100000,2024-12-04T11:35:00Z,101-1-1-102024,,device_not_recording
1733312160000,2024-12-04T11:36:00Z,101-1-1-102024,,device_not_recording
1733312220000,2024-12-04T11:37:00Z,101-1-1-102024,,device_not_recording
1733312280000,2024-12-04T11:38:00Z,101-1-1-102024,,device_not_recording
1733312340000,2024-12-04T11:39:00Z,101-1-1-102024,,device_not_recording
1733312400000,2024-12-04T11:40:00Z,101-1-1-102024,,device_not_recording
1733312460000,2024-12-04T11:41:00Z,101-1-1-102024,,device_not_recording
1733312520000,2024-12-04T11:42:00Z,101-1-1-102024,,device_not_recording
1733312580000,2024-12-04T11:43:00Z,101-1-1-102024,,device_not_recording
1733312640000,2024-12-04T11:44:00Z,101-1-1-102024,,device_not_recording
1733312700000,2024-12-04T11:45:00Z,101-1-1-102024,,device_not_recording
1733312760000,2024-12-04T11:46:00Z,101-1-1-102024,,device_not_recording
1733312820000,2024-12-04T11:47:00Z,101-1-1-102024,,device_not_recording
1733312880000,2024-12-04T11:48:00Z,101-1-1-102024,,device_not_recording
1733312940000,2024-12-04T11:49:00Z,101-1-1-102024,,device_not_recording
1733313000000,2024-12-04T11:50:00Z,101-1-1-102024,,device_not_recording
1733313060000,2024-12-04T11:51:00Z,101-1-1-102024,,device_not_recording
1733313120000,2024-12-04T11:52:00Z,101-1-1-102024,,device_not_recording
1733313180000,2024-12-04T11:53:00Z,101-1-1-102024,,device_not_recording
1733313240000,2024-12-04T11:54:00Z,101-1-1-102024,,device_not_recording
1733313300000,2024-12-04T11:55:00Z,101-1-1-102024,,device_not_recording
1733313360000,2024-12-04T11:56:00Z,101-1-1-102024,,device_not_recording
1733313420000,2024-12-04T11:57:00Z,101-1-1-102024,,device_not_recording
1733313480000,2024-12-04T11:58:00Z,101-1-1-102024,,device_not_recording
1733313540000,2024-12-04T11:59:00Z,101-1-1-102024,,device_not_recording
1733313600000,2024-12-04T12:00:00Z,101-1-1-102024,,device_not_recording
1733313660000,2024-12-04T12:01:00Z,101-1-1-102024,,device_not_recording
1733313720000,2024-12-04T12:02:00Z,101-1-1-102024,,device_not_recording
1733313780000,2024-12-04T12:03:00Z,101-1-1-102024,,device_not_recording
1733313840000,2024-12-04T12:04:00Z,101-1-1-102024,,device_not_recording
1733313900000,2024-12-04T12:05:00Z,101-1-1-102024,,device_not_recording
1733313960000,2024-12-04T12:06:00Z,101-1-1-102024,,device_not_recording
1733314020000,2024-12-04T12:07:00Z,101-1-1-102024,,device_not_recording
1733314080000,2024-12-04T12:08:00Z,101-1-1-102024,,device_not_recording
1733314140000,2024-12-04T12:09:00Z,101-1-1-102024,,device_not_recording
1733314200000,2024-12-04T12:10:00Z,101-1-1-102024,,device_not_recording
1733314260000,2024-12-04T12:11:00Z,101-1-1-102024,,device_not_recording
1733314320000,2024-12-04T12:12:00Z,101-1-1-102024,,device_not_recording
1733314380000,2024-12-04T12:13:00Z,101-1-1-102024,,device_not_recording
1733314440000,2024-12-04T12:14:00Z,101-1-1-102024,,device_not_recording
1733314500000,2024-12-04T12:15:00Z,101-1-1-102024,,device_not_recording
1733314560000,2024-12-04T12:16:00Z,101-1-1-102024,,device_not_recording
1733314620000,2024-12-04T12:17:00Z,101-1-1-102024,,device_not_recording
1733314680000,2024-12-04T12:18:00Z,101-1-1-102024,,device_not_recording
1733314740000,2024-12-04T12:19:00Z,101-1-1-102024,,device_not_recording
1733314800000,2024-12-04T12:20:00Z,101-1-1-102024,,device_not_recording
1733314860000,2024-12-04T12:21:00Z,101-1-1-102024,,device_not_recording
1733314920000,2024-12-04T12:22:00Z,101-1-1-102024,,device_not_recording
1733314980000,2024-12-04T12:23:00Z,101-1-1-102024,,device_not_recording
1733315040000,2024-12-04T12:24:00Z,101-1-1-102024,,device_not_recording
1733315100000,2024-12-04T12:25:00Z,101-1-1-102024,,device_not_recording
1733315160000,2024-12-04T12:26:00Z,101-1-1-102024,,device_not_recording
1733315220000,2024-12-04T12:27:00Z,101-1-1-102024,,device_not_recording
1733315280000,2024-12-04T12:28:00Z,101-1-1-102024,,device_not_recording
1733315340000,2024-12-04T12:29:00Z,101-1-1-102024,,device_not_recording
1733315400000,2024-12-04T12:30:00Z,101-1-1-102024,,device_not_recording
1733315460000,2024-12-04T12:31:00Z,101-1-1-102024,,device_not_recording
1733315520000,2024-12-04T12:32:00Z,101-1-1-102024,,device_not_recording
1733315580000,2024-12-04T12:33:00Z,101-1-1-102024,,device_not_recording
1733315640000,2024-12-04T12:34:00Z,101-1-1-102024,,device_not_recording
1733315700000,2024-12-04T12:35:00Z,101-1-1-102024,,device_not_recording
1733315760000,2024-12-04T12:36:00Z,101-1-1-102024,,device_not_recording
1733315820000,2024-12-04T12:37:00Z,101-1-1-102024,,device_not_recording
1733315880000,2024-12-04T12:38:00Z,101-1-1-102024,,device_not_recording
1733315940000,2024-12-04T12:39:00Z,101-1-1-102024,,device_not_recording
1733316000000,2024-12-04T12:40:00Z,101-1-1-102024,,device_not_recording
1733316060000,2024-12-04T12:41:00Z,101-1-1-102024,,device_not_recording
1733316120000,2024-12-04T12:42:00Z,101-1-1-102024,,device_not_recording
1733316180000,2024-12-04T12:43:00Z,101-1-1-102024,,device_not_recording
1733316240000,2024-12-04T12:44:00Z,101-1-1-102024,,device_not_recording
1733316300000,2024-12-04T12:45:00Z,101-1-1-102024,,device_not_recording
1733316360000,2024-12-04T12:46:00Z,101-1-1-102024,,device_not_recording
1733316420000,2024-12-04T12:47:00Z,101-1-1-102024,,device_not_recording
1733316480000,2024-12-04T12:48:00Z,101-1-1-102024,,device_not_recording
1733316540000,2024-12-04T12:49:00Z,101-1-1-102024,,device_not_recording
1733316600000,2024-12-04T12:50:00Z,101-1-1-102024,,device_not_recording
1733316660000,2024-12-04T12:51:00Z,101-1-1-102024,,device_not_recording
1733316720000,2024-12-04T12:52:00Z,101-1-1-102024,,device_not_recording
1733316780000,2024-12-04T12:53:00Z,101-1-1-102024,,device_not_recording
1733316840000,2024-12-04T12:54:00Z,101-1-1-102024,,device_not_recording
1733316900000,2024-12-04T12:55:00Z,101-1-1-102024,,device_not_recording
1733316960000,2024-12-04T12:56:00Z,101-1-1-102024,,device_not_recording
1733317020000,2024-12-04T12:57:00Z,101-1-1-102024,,device_not_recording
1733317080000,2024-12-04T12:58:00Z,101-1-1-102024,,device_not_recording
1733317140000,2024-12-04T12:59:00Z,101-1-1-102024,,device_not_recording
1733317200000,2024-12-04T13:00:00Z,101-1-1-102024,,device_not_recording
1733317260000,2024-12-04T13:01:00Z,101-1-1-102024,,device_not_recording
1733317320000,2024-12-04T13:02:00Z,101-1-1-102024,,device_not_recording
1733317380000,2024-12-04T13:03:00Z,101-1-1-102024,,device_not_recording
1733317440000,2024-12-04T13:04:00Z,101-1-1-102024,,device_not_recording
1733317500000,2024-12-04T13:05:00Z,101-1-1-102024,,device_not_recording
1733317560000,2024-12-04T13:06:00Z,101-1-1-102024,,device_not_recording
1733317620000,2024-12-04T13:07:00Z,101-1-1-102024,,device_not_recording
1733317680000,2024-12-04T13:08:00Z,101-1-1-102024,,device_not_recording
1733317740000,2024-12-04T13:09:00Z,101-1-1-102024,,device_not_recording
1733317800000,2024-12-04T13:10:00Z,101-1-1-102024,,device_not_recording
1733317860000,2024-12-04T13:11:00Z,101-1-1-102024,,device_not_recording
1733317920000,2024-12-04T13:12:00Z,101-1-1-102024,,device_not_recording
1733317980000,2024-12-04T13:13:00Z,101-1-1-102024,,device_not_recording
1733318040000,2024-12-04T13:14:00Z,101-1-1-102024,,device_not_recording
1733318100000,2024-12-04T13:15:00Z,101-1-1-102024,,device_not_recording
1733318160000,2024-12-04T13:16:00Z,101-1-1-102024,,device_not_recording
1733318220000,2024-12-04T13:17:00Z,101-1-1-102024,,device_not_recording
1733318280000,2024-12-04T13:18:00Z,101-1-1-102024,,device_not_recording
1733318340000,2024-12-04T13:19:00Z,101-1-1-102024,,device_not_recording
1733318400000,2024-12-04T13:20:00Z,101-1-1-102024,,device_not_recording
1733318460000,2024-12-04T13:21:00Z,101-1-1-102024,,device_not_recording
1733318520000,2024-12-04T13:22:00Z,101-1-1-102024,,device_not_recording
1733318580000,2024-12-04T13:23:00Z,101-1-1-102024,,device_not_recording
1733318640000,2024-12-04T13:24:00Z,101-1-1-102024,,device_not_recording
1733318700000,2024-12-04T13:25:00Z,101-1-1-102024,,device_not_recording
1733318760000,2024-12-04T13:26:00Z,101-1-1-102024,,device_not_recording
1733318820000,2024-12-04T13:27:00Z,101-1-1-102024,,device_not_recording
1733318880000,2024-12-04T13:28:00Z,101-1-1-102024,,device_not_recording
1733318940000,2024-12-04T13:29:00Z,101-1-1-102024,,device_not_recording
1733319000000,2024-12-04T13:30:00Z,101-1-1-102024,,device_not_recording
1733319060000,2024-12-04T13:31:00Z,101-1-1-102024,,device_not_recording
1733319120000,2024-12-04T13:32:00Z,101-1-1-102024,,device_not_recording
1733319180000,2024-12-04T13:33:00Z,101-1-1-102024,,device_not_recording
1733319240000,2024-12-04T13:34:00Z,101-1-1-102024,,device_not_recording
1733319300000,2024-12-04T13:35:00Z,101-1-1-102024,,device_not_recording
1733319360000,2024-12-04T13:36:00Z,101-1-1-102024,,device_not_recording
1733319420000,2024-12-04T13:37:00Z,101-1-1-102024,,device_not_recording
1733319480000,2024-12-04T13:38:00Z,101-1-1-102024,,device_not_recording
1733319540000,2024-12-04T13:39:00Z,101-1-1-102024,,device_not_recording
1733319600000,2024-12-04T13:40:00Z,101-1-1-102024,,device_not_recording
1733319660000,2024-12-04T13:41:00Z,101-1-1-102024,,device_not_recording
1733319720000,2024-12-04T13:42:00Z,101-1-1-102024,,device_not_recording
1733319780000,2024-12-04T13:43:00Z,101-1-1-102024,,device_not_recording
1733319840000,2024-12-04T13:44:00Z,101-1-1-102024,,device_not_recording
1733319900000,2024-12-04T13:45:00Z,101-1-1-102024,,device_not_recording
1733319960000,2024-12-04T13:46:00Z,101-1-1-102024,,device_not_recording
1733320020000,2024-12-04T13:47:00Z,101-1-1-102024,,device_not_recording
1733320080000,2024-12-04T13:48:00Z,101-1-1-102024,,device_not_recording
1733320140000,2024-12-04T13:49:00Z,101-1-1-102024,,device_not_recording
1733320200000,2024-12-04T13:50:00Z,101-1-1-102024,,device_not_recording
1733320260000,2024-12-04T13:51:00Z,101-1-1-102024,,device_not_recording
1733320320000,2024-12-04T13:52:00Z,101-1-1-102024,,device_not_recording
1733320380000,2024-12-04T13:53:00Z,101-1-1-102024,,device_not_recording
1733320440000,2024-12-04T13:54:00Z,101-1-1-102024,,device_not_recording
1733320500000,2024-12-04T13:55:00Z,101-1-1-102024,,device_not_recording
1733320560000,2024-12-04T13:56:00Z,101-1-1-102024,,device_not_recording
1733320620000,2024-12-04T13:57:00Z,101-1-1-102024,,device_not_recording
1733320680000,2024-12-04T13:58:00Z,101-1-1-102024,,device_not_recording
1733320740000,2024-12-04T13:59:00Z,101-1-1-102024,,device_not_recording
1733320800000,2024-12-04T14:00:00Z,101-1-1-102024,,device_not_recording
1733320860000,2024-12-04T14:01:00Z,101-1-1-102024,,device_not_recording
1733320920000,2024-12-04T14:02:00Z,101-1-1-102024,,device_not_recording
1733320980000,2024-12-04T14:03:00Z,101-1-1-102024,,device_not_recording
1733321040000,2024-12-04T14:04:00Z,101-1-1-102024,,device_not_recording
1733321100000,2024-12-04T14:05:00Z,101-1-1-102024,,device_not_recording
1733321160000,2024-12-04T14:06:00Z,101-1-1-102024,,device_not_recording
1733321220000,2024-12-04T14:07:00Z,101-1-1-102024,,device_not_recording
1733321280000,2024-12-04T14:08:00Z,101-1-1-102024,,device_not_recording
1733321340000,2024-12-04T14:09:00Z,101-1-1-102024,,device_not_recording
1733321400000,2024-12-04T14:10:00Z,101-1-1-102024,,device_not_recording
1733321460000,2024-12-04T14:11:00Z,101-1-1-102024,,device_not_recording
1733321520000,2024-12-04T14:12:00Z,101-1-1-102024,,device_not_recording
1733321580000,2024-12-04T14:13:00Z,101-1-1-102024,,device_not_recording
1733321640000,2024-12-04T14:14:00Z,101-1-1-102024,,device_not_recording
1733321700000,2024-12-04T14:15:00Z,101-1-1-102024,,device_not_recording
1733321760000,2024-12-04T14:16:00Z,101-1-1-102024,,device_not_recording
1733321820000,2024-12-04T14:17:00Z,101-1-1-102024,,device_not_recording
1733321880000,2024-12-04T14:18:00Z,101-1-1-102024,,device_not_recording
1733321940000,2024-12-04T14:19:00Z,101-1-1-102024,,device_not_recording
1733322000000,2024-12-04T14:20:00Z,101-1-1-102024,,device_not_recording
1733322060000,2024-12-04T14:21:00Z,101-1-1-102024,,device_not_recording
1733322120000,2024-12-04T14:22:00Z,101-1-1-102024,,device_not_recording
1733322180000,2024-12-04T14:23:00Z,101-1-1-102024,,device_not_recording
1733322240000,2024-12-04T14:24:00Z,101-1-1-102024,,device_not_recording
1733322300000,2024-12-04T14:25:00Z,101-1-1-102024,,device_not_recording
1733322360000,2024-12-04T14:26:00Z,101-1-1-102024,,device_not_recording
1733322420000,2024-12-04T14:27:00Z,101-1-1-102024,,device_not_recording
1733322480000,2024-12-04T14:28:00Z,101-1-1-102024,,device_not_recording
1733322540000,2024-12-04T14:29:00Z,101-1-1-102024,,device_not_recording
1733322600000,2024-12-04T14:30:00Z,101-1-1-102024,,device_not_recording
1733322660000,2024-12-04T14:31:00Z,101-1-1-102024,,device_not_recording
1733322720000,2024-12-04T14:32:00Z,101-1-1-102024,,device_not_recording
1733322780000,2024-12-04T14:33:00Z,101-1-1-102024,,device_not_recording
1733322840000,2024-12-04T14:34:00Z,101-1-1-102024,,device_not_recording
1733322900000,2024-12-04T14:35:00Z,101-1-1-102024,,device_not_recording
1733322960000,2024-12-04T14:36:00Z,101-1-1-102024,,device_not_recording
1733323020000,2024-12-04T14:37:00Z,101-1-1-102024,,device_not_recording
1733323080000,2024-12-04T14:38:00Z,101-1-1-102024,,device_not_recording
1733323140000,2024-12-04T14:39:00Z,101-1-1-102024,,device_not_recording
1733323200000,2024-12-04T14:40:00Z,101-1-1-102024,,device_not_recording
1733323260000,2024-12-04T14:41:00Z,101-1-1-102024,,device_not_recording
1733323320000,2024-12-04T14:42:00Z,101-1-1-102024,,device_not_recording
1733323380000,2024-12-04T14:43:00Z,101-1-1-102024,,device_not_recording
1733323440000,2024-12-04T14:44:00Z,101-1-1-102024,,device_not_recording
1733323500000,2024-12-04T14:45:00Z,101-1-1-102024,,device_not_recording
1733323560000,2024-12-04T14:46:00Z,101-1-1-102024,,device_not_recording
1733323620000,2024-12-04T14:47:00Z,101-1-1-102024,,device_not_recording
1733323680000,2024-12-04T14:48:00Z,101-1-1-102024,,device_not_recording
1733323740000,2024-12-04T14:49:00Z,101-1-1-102024,,device_not_recording
1733323800000,2024-12-04T14:50:00Z,101-1-1-102024,,device_not_recording
1733323860000,2024-12-04T14:51:00Z,101-1-1-102024,,device_not_recording
1733323920000,2024-12-04T14:52:00Z,101-1-1-102024,,device_not_recording
1733323980000,2024-12-04T14:53:00Z,101-1-1-102024,,device_not_recording
1733324040000,2024-12-04T14:54:00Z,101-1-1-102024,,device_not_recording
1733324100000,2024-12-04T14:55:00Z,101-1-1-102024,,device_not_recording
1733324160000,2024-12-04T14:56:00Z,101-1-1-102024,,device_not_recording
1733324220000,2024-12-04T14:57:00Z,101-1-1-102024,,device_not_recording
1733324280000,2024-12-04T14:58:00Z,101-1-1-102024,,device_not_recording
1733324340000,2024-12-04T14:59:00Z,101-1-1-102024,,device_not_recording
1733324400000,2024-12-04T15:00:00Z,101-1-1-102024,,device_not_recording
1733324460000,2024-12-04T15:01:00Z,101-1-1-102024,,device_not_recording
1733324520000,2024-12-04T15:02:00Z,101-1-1-102024,,device_not_recording
1733324580000,2024-12-04T15:03:00Z,101-1-1-102024,,device_not_recording
1733324640000,2024-12-04T15:04:00Z,101-1-1-102024,,device_not_recording
1733324700000,2024-12-04T15:05:00Z,101-1-1-102024,,device_not_recording
1733324760000,2024-12-04T15:06:00Z,101-1-1-102024,,device_not_recording
1733324820000,2024-12-04T15:07:00Z,101-1-1-102024,,device_not_recording
1733324880000,2024-12-04T15:08:00Z,101-1-1-102024,,device_not_recording
1733324940000,2024-12-04T15:09:00Z,101-1-1-102024,,device_not_recording
1733325000000,2024-12-04T15:10:00Z,101-1-1-102024,,device_not_recording
1733325060000,2024-12-04T15:11:00Z,101-1-1-102024,,device_not_recording
1733325120000,2024-12-04T15:12:00Z,101-1-1-102024,,device_not_recording
1733325180000,2024-12-04T15:13:00Z,101-1-1-102024,,device_not_recording
1733325240000,2024-12-04T15:14:00Z,101-1-1-102024,,device_not_recording
1733325300000,2024-12-04T15:15:00Z,101-1-1-102024,,device_not_recording
1733325360000,2024-12-04T15:16:00Z,101-1-1-102024,,device_not_recording
1733325420000,2024-12-04T15:17:00Z,101-1-1-102024,,device_not_recording
1733325480000,2024-12-04T15:18:00Z,101-1-1-102024,,device_not_recording
1733325540000,2024-12-04T15:19:00Z,101-1-1-102024,,device_not_recording
1733325600000,2024-12-04T15:20:00Z,101-1-1-102024,,device_not_recording
1733325660000,2024-12-04T15:21:00Z,101-1-1-102024,,device_not_recording
1733325720000,2024-12-04T15:22:00Z,101-1-1-102024,,device_not_recording
1733325780000,2024-12-04T15:23:00Z,101-1-1-102024,,device_not_recording
1733325840000,2024-12-04T15:24:00Z,101-1-1-102024,,device_not_recording
1733325900000,2024-12-04T15:25:00Z,101-1-1-102024,,device_not_recording
1733325960000,2024-12-04T15:26:00Z,101-1-1-102024,,device_not_recording
1733326020000,2024-12-04T15:27:00Z,101-1-1-102024,,device_not_recording
1733326080000,2024-12-04T15:28:00Z,101-1-1-102024,,device_not_recording
1733326140000,2024-12-04T15:29:00Z,101-1-1-102024,,device_not_recording
1733326200000,2024-12-04T15:30:00Z,101-1-1-102024,,device_not_recording
1733326260000,2024-12-04T15:31:00Z,101-1-1-102024,,device_not_recording
1733326320000,2024-12-04T15:32:00Z,101-1-1-102024,,device_not_recording
1733326380000,2024-12-04T15:33:00Z,101-1-1-102024,,device_not_recording
1733326440000,2024-12-04T15:34:00Z,101-1-1-102024,,device_not_recording
1733326500000,2024-12-04T15:35:00Z,101-1-1-102024,,device_not_recording
1733326560000,2024-12-04T15:36:00Z,101-1-1-102024,,device_not_recording
1733326620000,2024-12-04T15:37:00Z,101-1-1-102024,,device_not_recording
1733326680000,2024-12-04T15:38:00Z,101-1-1-102024,,device_not_recording
1733326740000,2024-12-04T15:39:00Z,101-1-1-102024,,device_not_recording
1733326800000,2024-12-04T15:40:00Z,101-1-1-102024,,device_not_recording
1733326860000,2024-12-04T15:41:00Z,101-1-1-102024,,device_not_recording
1733326920000,2024-12-04T15:42:00Z,101-1-1-102024,,device_not_recording
1733326980000,2024-12-04T15:43:00Z,101-1-1-102024,,device_not_recording
1733327040000,2024-12-04T15:44:00Z,101-1-1-102024,,device_not_recording
1733327100000,2024-12-04T15:45:00Z,101-1-1-102024,,device_not_recording
1733327160000,2024-12-04T15:46:00Z,101-1-1-102024,,device_not_recording
1733327220000,2024-12-04T15:47:00Z,101-1-1-102024,,device_not_recording
1733327280000,2024-12-04T15:48:00Z,101-1-1-102024,,device_not_recording
1733327340000,2024-12-04T15:49:00Z,101-1-1-102024,,device_not_recording
1733327400000,2024-12-04T15:50:00Z,101-1-1-102024,,device_not_recording
1733327460000,2024-12-04T15:51:00Z,101-1-1-102024,,device_not_recording
1733327520000,2024-12-04T15:52:00Z,101-1-1-102024,,device_not_recording
1733327580000,2024-12-04T15:53:00Z,101-1-1-102024,,device_not_recording
1733327640000,2024-12-04T15:54:00Z,101-1-1-102024,,device_not_recording
1733327700000,2024-12-04T15:55:00Z,101-1-1-102024,,device_not_recording
1733327760000,2024-12-04T15:56:00Z,101-1-1-102024,,device_not_recording
1733327820000,2024-12-04T15:57:00Z,101-1-1-102024,,device_not_recording
1733327880000,2024-12-04T15:58:00Z,101-1-1-102024,,device_not_recording
1733327940000,2024-12-04T15:59:00Z,101-1-1-102024,,device_not_recording
1733328000000,2024-12-04T16:00:00Z,101-1-1-102024,,device_not_recording
1733328060000,2024-12-04T16:01:00Z,101-1-1-102024,,device_not_recording
1733328120000,2024-12-04T16:02:00Z,101-1-1-102024,,device_not_recording
1733328180000,2024-12-04T16:03:00Z,101-1-1-102024,,device_not_recording
1733328240000,2024-12-04T16:04:00Z,101-1-1-102024,,device_not_recording
1733328300000,2024-12-04T16:05:00Z,101-1-1-102024,,device_not_recording
1733328360000,2024-12-04T16:06:00Z,101-1-1-102024,,device_not_recording
1733328420000,2024-12-04T16:07:00Z,101-1-1-102024,,device_not_recording
1733328480000,2024-12-04T16:08:00Z,101-1-1-102024,,device_not_recording
1733328540000,2024-12-04T16:09:00Z,101-1-1-102024,,device_not_recording
1733328600000,2024-12-04T16:10:00Z,101-1-1-102024,,device_not_recording
1733328660000,2024-12-04T16:11:00Z,101-1-1-102024,,device_not_recording
1733328720000,2024-12-04T16:12:00Z,101-1-1-102024,,device_not_recording
1733328780000,2024-12-04T16:13:00Z,101-1-1-102024,,device_not_recording
1733328840000,2024-12-04T16:14:00Z,101-1-1-102024,,device_not_recording
1733328900000,2024-12-04T16:15:00Z,101-1-1-102024,,device_not_recording
1733328960000,2024-12-04T16:16:00Z,101-1-1-102024,,device_not_recording
1733329020000,2024-12-04T16:17:00Z,101-1-1-102024,,device_not_recording
1733329080000,2024-12-04T16:18:00Z,101-1-1-102024,,device_not_recording
1733329140000,2024-12-04T16:19:00Z,101-1-1-102024,,device_not_recording
1733329200000,2024-12-04T16:20:00Z,101-1-1-102024,,device_not_recording
1733329260000,2024-12-04T16:21:00Z,101-1-1-102024,,device_not_recording
1733329320000,2024-12-04T16:22:00Z,101-1-1-102024,,device_not_recording
1733329380000,2024-12-04T16:23:00Z,101-1-1-102024,,device_not_recording
1733329440000,2024-12-04T16:24:00Z,101-1-1-102024,,device_not_recording
1733329500000,2024-12-04T16:25:00Z,101-1-1-102024,,device_not_recording
1733329560000,2024-12-04T16:26:00Z,101-1-1-102024,,device_not_recording
1733329620000,2024-12-04T16:27:00Z,101-1-1-102024,,device_not_recording
1733329680000,2024-12-04T16:28:00Z,101-1-1-102024,,device_not_recording
1733329740000,2024-12-04T16:29:00Z,101-1-1-102024,,device_not_recording
1733329800000,2024-12-04T16:30:00Z,101-1-1-102024,,device_not_recording
1733329860000,2024-12-04T16:31:00Z,101-1-1-102024,,device_not_recording
1733329920000,2024-12-04T16:32:00Z,101-1-1-102024,,device_not_recording
1733329980000,2024-12-04T16:33:00Z,101-1-1-102024,,device_not_recording
1733330040000,2024-12-04T16:34:00Z,101-1-1-102024,,device_not_recording
1733330100000,2024-12-04T16:35:00Z,101-1-1-102024,,device_not_recording
1733330160000,2024-12-04T16:36:00Z,101-1-1-102024,,device_not_recording
1733330220000,2024-12-04T16:37:00Z,101-1-1-102024,,device_not_recording
1733330280000,2024-12-04T16:38:00Z,101-1-1-102024,,device_not_recording
1733330340000,2024-12-04T16:39:00Z,101-1-1-102024,,device_not_recording
1733330400000,2024-12-04T16:40:00Z,101-1-1-102024,,device_not_recording
1733330460000,2024-12-04T16:41:00Z,101-1-1-102024,,device_not_recording
1733330520000,2024-12-04T16:42:00Z,101-1-1-102024,,device_not_recording
1733330580000,2024-12-04T16:43:00Z,101-1-1-102024,,device_not_recording
1733330640000,2024-12-04T16:44:00Z,101-1-1-102024,,device_not_recording
1733330700000,2024-12-04T16:45:00Z,101-1-1-102024,,device_not_recording
1733330760000,2024-12-04T16:46:00Z,101-1-1-102024,,device_not_recording
1733330820000,2024-12-04T16:47:00Z,101-1-1-102024,,device_not_recording
1733330880000,2024-12-04T16:48:00Z,101-1-1-102024,,device_not_recording
1733330940000,2024-12-04T16:49:00Z,101-1-1-102024,,device_not_recording
1733331000000,2024-12-04T16:50:00Z,101-1-1-102024,,device_not_recording
1733331060000,2024-12-04T16:51:00Z,101-1-1-102024,,device_not_recording
1733331120000,2024-12-04T16:52:00Z,101-1-1-102024,,device_not_recording
1733331180000,2024-12-04T16:53:00Z,101-1-1-102024,,device_not_recording
1733331240000,2024-12-04T16:54:00Z,101-1-1-102024,,device_not_recording
1733331300000,2024-12-04T16:55:00Z,101-1-1-102024,,device_not_recording
1733331360000,2024-12-04T16:56:00Z,101-1-1-102024,,device_not_recording
1733331420000,2024-12-04T16:57:00Z,101-1-1-102024,,device_not_recording
1733331480000,2024-12-04T16:58:00Z,101-1-1-102024,,device_not_recording
1733331540000,2024-12-04T16:59:00Z,101-1-1-102024,,device_not_recording
1733331600000,2024-12-04T17:00:00Z,101-1-1-102024,,device_not_recording
1733331660000,2024-12-04T17:01:00Z,101-1-1-102024,,device_not_recording
1733331720000,2024-12-04T17:02:00Z,101-1-1-102024,,device_not_recording
1733331780000,2024-12-04T17:03:00Z,101-1-1-102024,,device_not_recording
1733331840000,2024-12-04T17:04:00Z,101-1-1-102024,,device_not_recording
1733331900000,2024-12-04T17:05:00Z,101-1-1-102024,,device_not_recording
1733331960000,2024-12-04T17:06:00Z,101-1-1-102024,,device_not_recording
1733332020000,2024-12-04T17:07:00Z,101-1-1-102024,,device_not_recording
1733332080000,2024-12-04T17:08:00Z,101-1-1-102024,,device_not_recording
1733332140000,2024-12-04T17:09:00Z,101-1-1-102024,,device_not_recording
1733332200000,2024-12-04T17:10:00Z,101-1-1-102024,,device_not_recording
1733332260000,2024-12-04T17:11:00Z,101-1-1-102024,,device_not_recording
1733332320000,2024-12-04T17:12:00Z,101-1-1-102024,,device_not_recording
1733332380000,2024-12-04T17:13:00Z,101-1-1-102024,,device_not_recording
1733332440000,2024-12-04T17:14:00Z,101-1-1-102024,,device_not_recording
1733332500000,2024-12-04T17:15:00Z,101-1-1-102024,,device_not_recording
1733332560000,2024-12-04T17:16:00Z,101-1-1-102024,,device_not_recording
1733332620000,2024-12-04T17:17:00Z,101-1-1-102024,,device_not_recording
1733332680000,2024-12-04T17:18:00Z,101-1-1-102024,,device_not_recording
1733332740000,2024-12-04T17:19:00Z,101-1-1-102024,,device_not_recording
1733332800000,2024-12-04T17:20:00Z,101-1-1-102024,,device_not_recording
1733332860000,2024-12-04T17:21:00Z,101-1-1-102024,,device_not_recording
1733332920000,2024-12-04T17:22:00Z,101-1-1-102024,,device_not_recording
1733332980000,2024-12-04T17:23:00Z,101-1-1-102024,,device_not_recording
1733333040000,2024-12-04T17:24:00Z,101-1-1-102024,,device_not_recording
1733333100000,2024-12-04T17:25:00Z,101-1-1-102024,,device_not_recording
1733333160000,2024-12-04T17:26:00Z,101-1-1-102024,,device_not_recording
1733333220000,2024-12-04T17:27:00Z,101-1-1-102024,,device_not_recording
1733333280000,2024-12-04T17:28:00Z,101-1-1-102024,,device_not_recording
1733333340000,2024-12-04T17:29:00Z,101-1-1-102024,,device_not_recording
1733333400000,2024-12-04T17:30:00Z,101-1-1-102024,,device_not_recording
1733333460000,2024-12-04T17:31:00Z,101-1-1-102024,,device_not_recording
1733333520000,2024-12-04T17:32:00Z,101-1-1-102024,,device_not_recording
1733333580000,2024-12-04T17:33:00Z,101-1-1-102024,,device_not_recording
1733333640000,2024-12-04T17:34:00Z,101-1-1-102024,,device_not_recording
1733333700000,2024-12-04T17:35:00Z,101-1-1-102024,,device_not_recording
1733333760000,2024-12-04T17:36:00Z,101-1-1-102024,,device_not_recording
1733333820000,2024-12-04T17:37:00Z,101-1-1-102024,,device_not_recording
1733333880000,2024-12-04T17:38:00Z,101-1-1-102024,,device_not_recording
1733333940000,2024-12-04T17:39:00Z,101-1-1-102024,,device_not_recording
1733334000000,2024-12-04T17:40:00Z,101-1-1-102024,,device_not_recording
1733334060000,2024-12-04T17:41:00Z,101-1-1-102024,,device_not_recording
1733334120000,2024-12-04T17:42:00Z,101-1-1-102024,,device_not_recording
1733334180000,2024-12-04T17:43:00Z,101-1-1-102024,,device_not_recording
1733334240000,2024-12-04T17:44:00Z,101-1-1-102024,,device_not_recording
1733334300000,2024-12-04T17:45:00Z,101-1-1-102024,,device_not_recording
1733334360000,2024-12-04T17:46:00Z,101-1-1-102024,,device_not_recording
1733334420000,2024-12-04T17:47:00Z,101-1-1-102024,,device_not_recording
1733334480000,2024-12-04T17:48:00Z,101-1-1-102024,,device_not_recording
1733334540000,2024-12-04T17:49:00Z,101-1-1-102024,,device_not_recording
1733334600000,2024-12-04T17:50:00Z,101-1-1-102024,,device_not_recording
1733334660000,2024-12-04T17:51:00Z,101-1-1-102024,,device_not_recording
1733334720000,2024-12-04T17:52:00Z,101-1-1-102024,,device_not_recording
1733334780000,2024-12-04T17:53:00Z,101-1-1-102024,,device_not_recording
1733334840000,2024-12-04T17:54:00Z,101-1-1-102024,,device_not_recording
1733334900000,2024-12-04T17:55:00Z,101-1-1-102024,,device_not_recording
1733334960000,2024-12-04T17:56:00Z,101-1-1-102024,,device_not_recording
1733335020000,2024-12-04T17:57:00Z,101-1-1-102024,,device_not_recording
1733335080000,2024-12-04T17:58:00Z,101-1-1-102024,,device_not_recording
1733335140000,2024-12-04T17:59:00Z,101-1-1-102024,,device_not_recording
1733335200000,2024-12-04T18:00:00Z,101-1-1-102024,,device_not_recording
1733335260000,2024-12-04T18:01:00Z,101-1-1-102024,,device_not_recording
1733335320000,2024-12-04T18:02:00Z,101-1-1-102024,,device_not_recording
1733335380000,2024-12-04T18:03:00Z,101-1-1-102024,,device_not_recording
1733335440000,2024-12-04T18:04:00Z,101-1-1-102024,,device_not_recording
1733335500000,2024-12-04T18:05:00Z,101-1-1-102024,,device_not_recording
1733335560000,2024-12-04T18:06:00Z,101-1-1-102024,,device_not_recording
1733335620000,2024-12-04T18:07:00Z,101-1-1-102024,,device_not_recording
1733335680000,2024-12-04T18:08:00Z,101-1-1-102024,,device_not_recording
1733335740000,2024-12-04T18:09:00Z,101-1-1-102024,,device_not_recording
1733335800000,2024-12-04T18:10:00Z,101-1-1-102024,,device_not_recording
1733335860000,2024-12-04T18:11:00Z,101-1-1-102024,,device_not_recording
1733335920000,2024-12-04T18:12:00Z,101-1-1-102024,,device_not_recording
1733335980000,2024-12-04T18:13:00Z,101-1-1-102024,,device_not_recording
1733336040000,2024-12-04T18:14:00Z,101-1-1-102024,,device_not_recording
1733336100000,2024-12-04T18:15:00Z,101-1-1-102024,,device_not_recording
1733336160000,2024-12-04T18:16:00Z,101-1-1-102024,,device_not_recording
1733336220000,2024-12-04T18:17:00Z,101-1-1-102024,,device_not_recording
1733336280000,2024-12-04T18:18:00Z,101-1-1-102024,,device_not_recording
1733336340000,2024-12-04T18:19:00Z,101-1-1-102024,,device_not_recording
1733336400000,2024-12-04T18:20:00Z,101-1-1-102024,,device_not_recording
1733336460000,2024-12-04T18:21:00Z,101-1-1-102024,,device_not_recording
1733336520000,2024-12-04T18:22:00Z,101-1-1-102024,,device_not_recording
1733336580000,2024-12-04T18:23:00Z,101-1-1-102024,,device_not_recording
1733336640000,2024-12-04T18:24:00Z,101-1-1-102024,,device_not_recording
1733336700000,2024-12-04T18:25:00Z,101-1-1-102024,,device_not_recording
1733336760000,2024-12-04T18:26:00Z,101-1-1-102024,,device_not_recording
1733336820000,2024-12-04T18:27:00Z,101-1-1-102024,,device_not_recording
1733336880000,2024-12-04T18:28:00Z,101-1-1-102024,,device_not_recording
1733336940000,2024-12-04T18:29:00Z,101-1-1-102024,,device_not_recording
1733337000000,2024-12-04T18:30:00Z,101-1-1-102024,,device_not_recording
1733337060000,2024-12-04T18:31:00Z,101-1-1-102024,,device_not_recording
1733337120000,2024-12-04T18:32:00Z,101-1-1-102024,,device_not_recording
1733337180000,2024-12-04T18:33:00Z,101-1-1-102024,,device_not_recording
1733337240000,2024-12-04T18:34:00Z,101-1-1-102024,,device_not_recording
1733337300000,2024-12-04T18:35:00Z,101-1-1-102024,,device_not_recording
1733337360000,2024-12-04T18:36:00Z,101-1-1-102024,,device_not_recording
1733337420000,2024-12-04T18:37:00Z,101-1-1-102024,,device_not_recording
1733337480000,2024-12-04T18:38:00Z,101-1-1-102024,,device_not_recording
1733337540000,2024-12-04T18:39:00Z,101-1-1-102024,,device_not_recording
1733337600000,2024-12-04T18:40:00Z,101-1-1-102024,,device_not_recording
1733337660000,2024-12-04T18:41:00Z,101-1-1-102024,,device_not_recording
1733337720000,2024-12-04T18:42:00Z,101-1-1-102024,,device_not_recording
1733337780000,2024-12-04T18:43:00Z,101-1-1-102024,,device_not_recording
1733337840000,2024-12-04T18:44:00Z,101-1-1-102024,,device_not_recording
1733337900000,2024-12-04T18:45:00Z,101-1-1-102024,,device_not_recording
1733337960000,2024-12-04T18:46:00Z,101-1-1-102024,,device_not_recording
1733338020000,2024-12-04T18:47:00Z,101-1-1-102024,,device_not_recording
1733338080000,2024-12-04T18:48:00Z,101-1-1-102024,,device_not_recording
1733338140000,2024-12-04T18:49:00Z,101-1-1-102024,,device_not_recording
1733338200000,2024-12-04T18:50:00Z,101-1-1-102024,,device_not_recording
1733338260000,2024-12-04T18:51:00Z,101-1-1-102024,,device_not_recording
1733338320000,2024-12-04T18:52:00Z,101-1-1-102024,,device_not_recording
1733338380000,2024-12-04T18:53:00Z,101-1-1-102024,,device_not_recording
1733338440000,2024-12-04T18:54:00Z,101-1-1-102024,,device_not_recording
1733338500000,2024-12-04T18:55:00Z,101-1-1-102024,,device_not_recording
1733338560000,2024-12-04T18:56:00Z,101-1-1-102024,,device_not_recording
1733338620000,2024-12-04T18:57:00Z,101-1-1-102024,,device_not_recording
1733338680000,2024-12-04T18:58:00Z,101-1-1-102024,,device_not_recording
1733338740000,2024-12-04T18:59:00Z,101-1-1-102024,,device_not_recording
1733338800000,2024-12-04T19:00:00Z,101-1-1-102024,,device_not_recording
1733338860000,2024-12-04T19:01:00Z,101-1-1-102024,,device_not_recording
1733338920000,2024-12-04T19:02:00Z,101-1-1-102024,,device_not_recording
1733338980000,2024-12-04T19:03:00Z,101-1-1-102024,,device_not_recording
1733339040000,2024-12-04T19:04:00Z,101-1-1-102024,,device_not_recording
1733339100000,2024-12-04T19:05:00Z,101-1-1-102024,,device_not_recording
1733339160000,2024-12-04T19:06:00Z,101-1-1-102024,,device_not_recording
1733339220000,2024-12-04T19:07:00Z,101-1-1-102024,,device_not_recording
1733339280000,2024-12-04T19:08:00Z,101-1-1-102024,,device_not_recording
1733339340000,2024-12-04T19:09:00Z,101-1-1-102024,,device_not_recording
1733339400000,2024-12-04T19:10:00Z,101-1-1-102024,,device_not_recording
1733339460000,2024-12-04T19:11:00Z,101-1-1-102024,,device_not_recording
1733339520000,2024-12-04T19:12:00Z,101-1-1-102024,,device_not_recording
1733339580000,2024-12-04T19:13:00Z,101-1-1-102024,,device_not_recording
1733339640000,2024-12-04T19:14:00Z,101-1-1-102024,,device_not_recording
1733339700000,2024-12-04T19:15:00Z,101-1-1-102024,,device_not_recording
1733339760000,2024-12-04T19:16:00Z,101-1-1-102024,,device_not_recording
1733339820000,2024-12-04T19:17:00Z,101-1-1-102024,,device_not_recording
1733339880000,2024-12-04T19:18:00Z,101-1-1-102024,,device_not_recording
1733339940000,2024-12-04T19:19:00Z,101-1-1-102024,,device_not_recording
1733340000000,2024-12-04T19:20:00Z,101-1-1-102024,,device_not_recording
1733340060000,2024-12-04T19:21:00Z,101-1-1-102024,,device_not_recording
1733340120000,2024-12-04T19:22:00Z,101-1-1-102024,,device_not_recording
1733340180000,2024-12-04T19:23:00Z,101-1-1-102024,,device_not_recording
1733340240000,2024-12-04T19:24:00Z,101-1-1-102024,,device_not_recording
1733340300000,2024-12-04T19:25:00Z,101-1-1-102024,,device_not_recording
1733340360000,2024-12-04T19:26:00Z,101-1-1-102024,,device_not_recording
1733340420000,2024-12-04T19:27:00Z,101-1-1-102024,,device_not_recording
1733340480000,2024-12-04T19:28:00Z,101-1-1-102024,,device_not_recording
1733340540000,2024-12-04T19:29:00Z,101-1-1-102024,,device_not_recording
1733340600000,2024-12-04T19:30:00Z,101-1-1-102024,,device_not_recording
1733340660000,2024-12-04T19:31:00Z,101-1-1-102024,,device_not_recording
1733340720000,2024-12-04T19:32:00Z,101-1-1-102024,,device_not_recording
1733340780000,2024-12-04T19:33:00Z,101-1-1-102024,,device_not_recording
1733340840000,2024-12-04T19:34:00Z,101-1-1-102024,,device_not_recording
1733340900000,2024-12-04T19:35:00Z,101-1-1-102024,,device_not_recording
1733340960000,2024-12-04T19:36:00Z,101-1-1-102024,,device_not_recording
1733341020000,2024-12-04T19:37:00Z,101-1-1-102024,,device_not_recording
1733341080000,2024-12-04T19:38:00Z,101-1-1-102024,,device_not_recording
1733341140000,2024-12-04T19:39:00Z,101-1-1-102024,,device_not_recording
1733341200000,2024-12-04T19:40:00Z,101-1-1-102024,,device_not_recording
1733341260000,2024-12-04T19:41:00Z,101-1-1-102024,,device_not_recording
1733341320000,2024-12-04T19:42:00Z,101-1-1-102024,,device_not_recording
1733341380000,2024-12-04T19:43:00Z,101-1-1-102024,,device_not_recording
1733341440000,2024-12-04T19:44:00Z,101-1-1-102024,,device_not_recording
1733341500000,2024-12-04T19:45:00Z,101-1-1-102024,,device_not_recording
1733341560000,2024-12-04T19:46:00Z,101-1-1-102024,,device_not_recording
1733341620000,2024-12-04T19:47:00Z,101-1-1-102024,,device_not_recording
1733341680000,2024-12-04T19:48:00Z,101-1-1-102024,,device_not_recording
1733341740000,2024-12-04T19:49:00Z,101-1-1-102024,,device_not_recording
1733341800000,2024-12-04T19:50:00Z,101-1-1-102024,,device_not_recording
1733341860000,2024-12-04T19:51:00Z,101-1-1-102024,,device_not_recording
1733341920000,2024-12-04T19:52:00Z,101-1-1-102024,,device_not_recording
1733341980000,2024-12-04T19:53:00Z,101-1-1-102024,,device_not_recording
1733342040000,2024-12-04T19:54:00Z,101-1-1-102024,,device_not_recording
1733342100000,2024-12-04T19:55:00Z,101-1-1-102024,,device_not_recording
1733342160000,2024-12-04T19:56:00Z,101-1-1-102024,,device_not_recording
1733342220000,2024-12-04T19:57:00Z,101-1-1-102024,,device_not_recording
1733342280000,2024-12-04T19:58:00Z,101-1-1-102024,,device_not_recording
1733342340000,2024-12-04T19:59:00Z,101-1-1-102024,,device_not_recording
1733342400000,2024-12-04T20:00:00Z,101-1-1-102024,,device_not_recording
1733342460000,2024-12-04T20:01:00Z,101-1-1-102024,,device_not_recording
1733342520000,2024-12-04T20:02:00Z,101-1-1-102024,,device_not_recording
1733342580000,2024-12-04T20:03:00Z,101-1-1-102024,,device_not_recording
1733342640000,2024-12-04T20:04:00Z,101-1-1-102024,,device_not_recording
1733342700000,2024-12-04T20:05:00Z,101-1-1-102024,,device_not_recording
1733342760000,2024-12-04T20:06:00Z,101-1-1-102024,,device_not_recording
1733342820000,2024-12-04T20:07:00Z,101-1-1-102024,,device_not_recording
1733342880000,2024-12-04T20:08:00Z,101-1-1-102024,,device_not_recording
1733342940000,2024-12-04T20:09:00Z,101-1-1-102024,,device_not_recording
1733343000000,2024-12-04T20:10:00Z,101-1-1-102024,,device_not_recording
1733343060000,2024-12-04T20:11:00Z,101-1-1-102024,,device_not_recording
1733343120000,2024-12-04T20:12:00Z,101-1-1-102024,,device_not_recording
1733343180000,2024-12-04T20:13:00Z,101-1-1-102024,,device_not_recording
1733343240000,2024-12-04T20:14:00Z,101-1-1-102024,,device_not_recording
1733343300000,2024-12-04T20:15:00Z,101-1-1-102024,,device_not_recording
1733343360000,2024-12-04T20:16:00Z,101-1-1-102024,,device_not_recording
1733343420000,2024-12-04T20:17:00Z,101-1-1-102024,,device_not_recording
1733343480000,2024-12-04T20:18:00Z,101-1-1-102024,,device_not_recording
1733343540000,2024-12-04T20:19:00Z,101-1-1-102024,,device_not_recording
1733343600000,2024-12-04T20:20:00Z,101-1-1-102024,,device_not_recording
1733343660000,2024-12-04T20:21:00Z,101-1-1-102024,,device_not_recording
1733343720000,2024-12-04T20:22:00Z,101-1-1-102024,,device_not_recording
1733343780000,2024-12-04T20:23:00Z,101-1-1-102024,,device_not_recording
1733343840000,2024-12-04T20:24:00Z,101-1-1-102024,,device_not_recording
1733343900000,2024-12-04T20:25:00Z,101-1-1-102024,,device_not_recording
1733343960000,2024-12-04T20:26:00Z,101-1-1-102024,,device_not_recording
1733344020000,2024-12-04T20:27:00Z,101-1-1-102024,,device_not_recording
1733344080000,2024-12-04T20:28:00Z,101-1-1-102024,,device_not_recording
1733344140000,2024-12-04T20:29:00Z,101-1-1-102024,,device_not_recording
1733344200000,2024-12-04T20:30:00Z,101-1-1-102024,,device_not_recording
1733344260000,2024-12-04T20:31:00Z,101-1-1-102024,,device_not_recording
1733344320000,2024-12-04T20:32:00Z,101-1-1-102024,,device_not_recording
1733344380000,2024-12-04T20:33:00Z,101-1-1-102024,,device_not_recording
1733344440000,2024-12-04T20:34:00Z,101-1-1-102024,,device_not_recording
1733344500000,2024-12-04T20:35:00Z,101-1-1-102024,,device_not_recording
1733344560000,2024-12-04T20:36:00Z,101-1-1-102024,,device_not_recording
1733344620000,2024-12-04T20:37:00Z,101-1-1-102024,,device_not_recording
1733344680000,2024-12-04T20:38:00Z,101-1-1-102024,,device_not_recording
1733344740000,2024-12-04T20:39:00Z,101-1-1-102024,,device_not_recording
1733344800000,2024-12-04T20:40:00Z,101-1-1-102024,,device_not_recording
1733344860000,2024-12-04T20:41:00Z,101-1-1-102024,,device_not_recording
1733344920000,2024-12-04T20:42:00Z,101-1-1-102024,,device_not_recording
1733344980000,2024-12-04T20:43:00Z,101-1-1-102024,,device_not_recording
1733345040000,2024-12-04T20:44:00Z,101-1-1-102024,,device_not_recording
1733345100000,2024-12-04T20:45:00Z,101-1-1-102024,,device_not_recording
1733345160000,2024-12-04T20:46:00Z,101-1-1-102024,,device_not_recording
1733345220000,2024-12-04T20:47:00Z,101-1-1-102024,,device_not_recording
1733345280000,2024-12-04T20:48:00Z,101-1-1-102024,,device_not_recording
1733345340000,2024-12-04T20:49:00Z,101-1-1-102024,,device_not_recording
1733345400000,2024-12-04T20:50:00Z,101-1-1-102024,,device_not_recording
1733345460000,2024-12-04T20:51:00Z,101-1-1-102024,,device_not_recording
1733345520000,2024-12-04T20:52:00Z,101-1-1-102024,,device_not_recording
1733345580000,2024-12-04T20:53:00Z,101-1-1-102024,,device_not_recording
1733345640000,2024-12-04T20:54:00Z,101-1-1-102024,,device_not_recording
1733345700000,2024-12-04T20:55:00Z,101-1-1-102024,,device_not_recording
1733345760000,2024-12-04T20:56:00Z,101-1-1-102024,,device_not_recording
1733345820000,2024-12-04T20:57:00Z,101-1-1-102024,,device_not_recording
1733345880000,2024-12-04T20:58:00Z,101-1-1-102024,,device_not_recording
1733345940000,2024-12-04T20:59:00Z,101-1-1-102024,,device_not_recording
1733346000000,2024-12-04T21:00:00Z,101-1-1-102024,,device_not_recording
1733346060000,2024-12-04T21:01:00Z,101-1-1-102024,,device_not_recording
1733346120000,2024-12-04T21:02:00Z,101-1-1-102024,,device_not_recording
1733346180000,2024-12-04T21:03:00Z,101-1-1-102024,,device_not_recording
1733346240000,2024-12-04T21:04:00Z,101-1-1-102024,,device_not_recording
1733346300000,2024-12-04T21:05:00Z,101-1-1-102024,,device_not_recording
1733346360000,2024-12-04T21:06:00Z,101-1-1-102024,,device_not_recording
1733346420000,2024-12-04T21:07:00Z,101-1-1-102024,,device_not_recording
1733346480000,2024-12-04T21:08:00Z,101-1-1-102024,,device_not_recording
1733346540000,2024-12-04T21:09:00Z,101-1-1-102024,,device_not_recording
1733346600000,2024-12-04T21:10:00Z,101-1-1-102024,,device_not_recording
1733346660000,2024-12-04T21:11:00Z,101-1-1-102024,,device_not_recording
1733346720000,2024-12-04T21:12:00Z,101-1-1-102024,,device_not_recording
1733346780000,2024-12-04T21:13:00Z,101-1-1-102024,,device_not_recording
1733346840000,2024-12-04T21:14:00Z,101-1-1-102024,,device_not_recording
1733346900000,2024-12-04T21:15:00Z,101-1-1-102024,,device_not_recording
1733346960000,2024-12-04T21:16:00Z,101-1-1-102024,,device_not_recording
1733347020000,2024-12-04T21:17:00Z,101-1-1-102024,,device_not_recording
1733347080000,2024-12-04T21:18:00Z,101-1-1-102024,,device_not_recording
1733347140000,2024-12-04T21:19:00Z,101-1-1-102024,,device_not_recording
1733347200000,2024-12-04T21:20:00Z,101-1-1-102024,,device_not_recording
1733347260000,2024-12-04T21:21:00Z,101-1-1-102024,,device_not_recording
1733347320000,2024-12-04T21:22:00Z,101-1-1-102024,,device_not_recording
1733347380000,2024-12-04T21:23:00Z,101-1-1-102024,,device_not_recording
1733347440000,2024-12-04T21:24:00Z,101-1-1-102024,,device_not_recording
1733347500000,2024-12-04T21:25:00Z,101-1-1-102024,,device_not_recording
1733347560000,2024-12-04T21:26:00Z,101-1-1-102024,,device_not_recording
1733347620000,2024-12-04T21:27:00Z,101-1-1-102024,,device_not_recording
1733347680000,2024-12-04T21:28:00Z,101-1-1-102024,,device_not_recording
1733347740000,2024-12-04T21:29:00Z,101-1-1-102024,,device_not_recording
1733347800000,2024-12-04T21:30:00Z,101-1-1-102024,,device_not_recording
1733347860000,2024-12-04T21:31:00Z,101-1-1-102024,,device_not_recording
1733347920000,2024-12-04T21:32:00Z,101-1-1-102024,,device_not_recording
1733347980000,2024-12-04T21:33:00Z,101-1-1-102024,,device_not_recording
1733348040000,2024-12-04T21:34:00Z,101-1-1-102024,,device_not_recording
1733348100000,2024-12-04T21:35:00Z,101-1-1-102024,,device_not_recording
1733348160000,2024-12-04T21:36:00Z,101-1-1-102024,,device_not_recording
1733348220000,2024-12-04T21:37:00Z,101-1-1-102024,,device_not_recording
1733348280000,2024-12-04T21:38:00Z,101-1-1-102024,,device_not_recording
1733348340000,2024-12-04T21:39:00Z,101-1-1-102024,,device_not_recording
1733348400000,2024-12-04T21:40:00Z,101-1-1-102024,,device_not_recording
1733348460000,2024-12-04T21:41:00Z,101-1-1-102024,,device_not_recording
1733348520000,2024-12-04T21:42:00Z,101-1-1-102024,,device_not_recording
1733348580000,2024-12-04T21:43:00Z,101-1-1-102024,,device_not_recording
1733348640000,2024-12-04T21:44:00Z,101-1-1-102024,,device_not_recording
1733348700000,2024-12-04T21:45:00Z,101-1-1-102024,,device_not_recording
1733348760000,2024-12-04T21:46:00Z,101-1-1-102024,,device_not_recording
1733348820000,2024-12-04T21:47:00Z,101-1-1-102024,,device_not_recording
1733348880000,2024-12-04T21:48:00Z,101-1-1-102024,,device_not_recording
1733348940000,2024-12-04T21:49:00Z,101-1-1-102024,,device_not_recording
1733349000000,2024-12-04T21:50:00Z,101-1-1-102024,,device_not_recording
1733349060000,2024-12-04T21:51:00Z,101-1-1-102024,,device_not_recording
1733349120000,2024-12-04T21:52:00Z,101-1-1-102024,,device_not_recording
1733349180000,2024-12-04T21:53:00Z,101-1-1-102024,,device_not_recording
1733349240000,2024-12-04T21:54:00Z,101-1-1-102024,,device_not_recording
1733349300000,2024-12-04T21:55:00Z,101-1-1-102024,,device_not_recording
1733349360000,2024-12-04T21:56:00Z,101-1-1-102024,,device_not_recording
1733349420000,2024-12-04T21:57:00Z,101-1-1-102024,,device_not_recording
1733349480000,2024-12-04T21:58:00Z,101-1-1-102024,,device_not_recording
1733349540000,2024-12-04T21:59:00Z,101-1-1-102024,,device_not_recording
1733349600000,2024-12-04T22:00:00Z,101-1-1-102024,,device_not_recording
1733349660000,2024-12-04T22:01:00Z,101-1-1-102024,,device_not_recording
1733349720000,2024-12-04T22:02:00Z,101-1-1-102024,,device_not_recording
1733349780000,2024-12-04T22:03:00Z,101-1-1-102024,,device_not_recording
1733349840000,2024-12-04T22:04:00Z,101-1-1-102024,,device_not_recording
1733349900000,2024-12-04T22:05:00Z,101-1-1-102024,,device_not_recording
1733349960000,2024-12-04T22:06:00Z,101-1-1-102024,,device_not_recording
1733350020000,2024-12-04T22:07:00Z,101-1-1-102024,,device_not_recording
1733350080000,2024-12-04T22:08:00Z,101-1-1-102024,,device_not_recording
1733350140000,2024-12-04T22:09:00Z,101-1-1-102024,,device_not_recording
1733350200000,2024-12-04T22:10:00Z,101-1-1-102024,,device_not_recording
1733350260000,2024-12-04T22:11:00Z,101-1-1-102024,,device_not_recording
1733350320000,2024-12-04T22:12:00Z,101-1-1-102024,,device_not_recording
1733350380000,2024-12-04T22:13:00Z,101-1-1-102024,,device_not_recording
1733350440000,2024-12-04T22:14:00Z,101-1-1-102024,,device_not_recording
1733350500000,2024-12-04T22:15:00Z,101-1-1-102024,,device_not_recording
1733350560000,2024-12-04T22:16:00Z,101-1-1-102024,,device_not_recording
1733350620000,2024-12-04T22:17:00Z,101-1-1-102024,,device_not_recording
1733350680000,2024-12-04T22:18:00Z,101-1-1-102024,,device_not_recording
1733350740000,2024-12-04T22:19:00Z,101-1-1-102024,,device_not_recording
1733350800000,2024-12-04T22:20:00Z,101-1-1-102024,,device_not_recording
1733350860000,2024-12-04T22:21:00Z,101-1-1-102024,,device_not_recording
1733350920000,2024-12-04T22:22:00Z,101-1-1-102024,,device_not_recording
1733350980000,2024-12-04T22:23:00Z,101-1-1-102024,,device_not_recording
1733351040000,2024-12-04T22:24:00Z,101-1-1-102024,,device_not_recording
1733351100000,2024-12-04T22:25:00Z,101-1-1-102024,,device_not_recording
1733351160000,2024-12-04T22:26:00Z,101-1-1-102024,,device_not_recording
1733351220000,2024-12-04T22:27:00Z,101-1-1-102024,,device_not_recording
1733351280000,2024-12-04T22:28:00Z,101-1-1-102024,,device_not_recording
1733351340000,2024-12-04T22:29:00Z,101-1-1-102024,,device_not_recording
1733351400000,2024-12-04T22:30:00Z,101-1-1-102024,,device_not_recording
1733351460000,2024-12-04T22:31:00Z,101-1-1-102024,,device_not_recording
1733351520000,2024-12-04T22:32:00Z,101-1-1-102024,,device_not_recording
1733351580000,2024-12-04T22:33:00Z,101-1-1-102024,,device_not_recording
1733351640000,2024-12-04T22:34:00Z,101-1-1-102024,,device_not_recording
1733351700000,2024-12-04T22:35:00Z,101-1-1-102024,,device_not_recording
1733351760000,2024-12-04T22:36:00Z,101-1-1-102024,,device_not_recording
1733351820000,2024-12-04T22:37:00Z,101-1-1-102024,,device_not_recording
1733351880000,2024-12-04T22:38:00Z,101-1-1-102024,,device_not_recording
1733351940000,2024-12-04T22:39:00Z,101-1-1-102024,,device_not_recording
1733352000000,2024-12-04T22:40:00Z,101-1-1-102024,,device_not_recording
1733352060000,2024-12-04T22:41:00Z,101-1-1-102024,,device_not_recording
1733352120000,2024-12-04T22:42:00Z,101-1-1-102024,,device_not_recording
1733352180000,2024-12-04T22:43:00Z,101-1-1-102024,,device_not_recording
1733352240000,2024-12-04T22:44:00Z,101-1-1-102024,,device_not_recording
1733352300000,2024-12-04T22:45:00Z,101-1-1-102024,,device_not_recording
1733352360000,2024-12-04T22:46:00Z,101-1-1-102024,,device_not_recording
1733352420000,2024-12-04T22:47:00Z,101-1-1-102024,,device_not_recording
1733352480000,2024-12-04T22:48:00Z,101-1-1-102024,,device_not_recording
1733352540000,2024-12-04T22:49:00Z,101-1-1-102024,,device_not_recording
1733352600000,2024-12-04T22:50:00Z,101-1-1-102024,,device_not_recording
1733352660000,2024-12-04T22:51:00Z,101-1-1-102024,,device_not_recording
1733352720000,2024-12-04T22:52:00Z,101-1-1-102024,,device_not_recording
1733352780000,2024-12-04T22:53:00Z,101-1-1-102024,,device_not_recording
1733352840000,2024-12-04T22:54:00Z,101-1-1-102024,,device_not_recording
1733352900000,2024-12-04T22:55:00Z,101-1-1-102024,,device_not_recording
1733352960000,2024-12-04T22:56:00Z,101-1-1-102024,,device_not_recording
1733353020000,2024-12-04T22:57:00Z,101-1-1-102024,,device_not_recording
1733353080000,2024-12-04T22:58:00Z,101-1-1-102024,,device_not_recording
1733353140000,2024-12-04T22:59:00Z,101-1-1-102024,,device_not_recording
1733353200000,2024-12-04T23:00:00Z,101-1-1-102024,,device_not_recording
1733353260000,2024-12-04T23:01:00Z,101-1-1-102024,,device_not_recording
1733353320000,2024-12-04T23:02:00Z,101-1-1-102024,,device_not_recording
1733353380000,2024-12-04T23:03:00Z,101-1-1-102024,,device_not_recording
1733353440000,2024-12-04T23:04:00Z,101-1-1-102024,,device_not_recording
1733353500000,2024-12-04T23:05:00Z,101-1-1-102024,,device_not_recording
1733353560000,2024-12-04T23:06:00Z,101-1-1-102024,,device_not_recording
1733353620000,2024-12-04T23:07:00Z,101-1-1-102024,,device_not_recording
1733353680000,2024-12-04T23:08:00Z,101-1-1-102024,,device_not_recording
1733353740000,2024-12-04T23:09:00Z,101-1-1-102024,,device_not_recording
1733353800000,2024-12-04T23:10:00Z,101-1-1-102024,,device_not_recording
1733353860000,2024-12-04T23:11:00Z,101-1-1-102024,,device_not_recording
1733353920000,2024-12-04T23:12:00Z,101-1-1-102024,,device_not_recording
1733353980000,2024-12-04T23:13:00Z,101-1-1-102024,,device_not_recording
1733354040000,2024-12-04T23:14:00Z,101-1-1-102024,,device_not_recording
1733354100000,2024-12-04T23:15:00Z,101-1-1-102024,,device_not_recording
1733354160000,2024-12-04T23:16:00Z,101-1-1-102024,,device_not_recording
1733354220000,2024-12-04T23:17:00Z,101-1-1-102024,,device_not_recording
1733354280000,2024-12-04T23:18:00Z,101-1-1-102024,,device_not_recording
1733354340000,2024-12-04T23:19:00Z,101-1-1-102024,,device_not_recording
1733354400000,2024-12-04T23:20:00Z,101-1-1-102024,,device_not_recording
1733354460000,2024-12-04T23:21:00Z,101-1-1-102024,,device_not_recording
1733354520000,2024-12-04T23:22:00Z,101-1-1-102024,,device_not_recording
1733354580000,2024-12-04T23:23:00Z,101-1-1-102024,,device_not_recording
1733354640000,2024-12-04T23:24:00Z,101-1-1-102024,,device_not_recording
1733354700000,2024-12-04T23:25:00Z,101-1-1-102024,,device_not_recording
1733354760000,2024-12-04T23:26:00Z,101-1-1-102024,,device_not_recording
1733354820000,2024-12-04T23:27:00Z,101-1-1-102024,,device_not_recording
1733354880000,2024-12-04T23:28:00Z,101-1-1-102024,,device_not_recording
1733354940000,2024-12-04T23:29:00Z,101-1-1-102024,,device_not_recording
1733355000000,2024-12-04T23:30:00Z,101-1-1-102024,,device_not_recording
1733355060000,2024-12-04T23:31:00Z,101-1-1-102024,,device_not_recording
1733355120000,2024-12-04T23:32:00Z,101-1-1-102024,,device_not_recording
1733355180000,2024-12-04T23:33:00Z,101-1-1-102024,,device_not_recording
1733355240000,2024-12-04T23:34:00Z,101-1-1-102024,,device_not_recording
1733355300000,2024-12-04T23:35:00Z,101-1-1-102024,,device_not_recording
1733355360000,2024-12-04T23:36:00Z,101-1-1-102024,,device_not_recording
1733355420000,2024-12-04T23:37:00Z,101-1-1-102024,,device_not_recording
1733355480000,2024-12-04T23:38:00Z,101-1-1-102024,,device_not_recording
1733355540000,2024-12-04T23:39:00Z,101-1-1-102024,,device_not_recording
1733355600000,2024-12-04T23:40:00Z,101-1-1-102024,,device_not_recording
1733355660000,2024-12-04T23:41:00Z,101-1-1-102024,,device_not_recording
1733355720000,2024-12-04T23:42:00Z,101-1-1-102024,,device_not_recording
1733355780000,2024-12-04T23:43:00Z,101-1-1-102024,,device_not_recording
1733355840000,2024-12-04T23:44:00Z,101-1-1-102024,,device_not_recording
1733355900000,2024-12-04T23:45:00Z,101-1-1-102024,,device_not_recording
1733355960000,2024-12-04T23:46:00Z,101-1-1-102024,,device_not_recording
1733356020000,2024-12-04T23:47:00Z,101-1-1-102024,,device_not_recording
1733356080000,2024-12-04T23:48:00Z,101-1-1-102024,,device_not_recording
1733356140000,2024-12-04T23:49:00Z,101-1-1-102024,,device_not_recording
1733356200000,2024-12-04T23:50:00Z,101-1-1-102024,,device_not_recording
1733356260000,2024-12-04T23:51:00Z,101-1-1-102024,,device_not_recording
1733356320000,2024-12-04T23:52:00Z,101-1-1-102024,,device_not_recording
1733356380000,2024-12-04T23:53:00Z,101-1-1-102024,,device_not_recording
1733356440000,2024-12-04T23:54:00Z,101-1-1-102024,,device_not_recording
1733356500000,2024-12-04T23:55:00Z,101-1-1-102024,,device_not_recording
1733356560000,2024-12-04T23:56:00Z,101-1-1-102024,,device_not_recording
1733356620000,2024-12-04T23:57:00Z,101-1-1-102024,,device_not_recording
1733356680000,2024-12-04T23:58:00Z,101-1-1-102024,,device_not_recording
1733356740000,2024-12-04T23:59:00Z,101-1-1-102024,,device_not_recording
